Word,Parts
abacist
abalone
abampere
abate
abbasid
abbey
abed
abelard
abelmosk
abhorrence
abhorrent
ablegate
academically,academical=ly
academism
academy
acatalectic,a=catalectic
acaudal,a=caudal
acaudate,a=caudate
acaulescent,a=caulescent
accentor
accessory
accordion
accusatival,accusative=al
acellular,a=cellular
acentric,a=centric
acephalous,a=cephalous
acerbate
achiral,a=chiral
achlamydeous,a=chlamydeous
achondrite,a=chondrite
achondritic,a=chondritic
achromatic,a=chromatic
achromaticity,a=chromaticity
achromatin,a=chromatin
achromatism,a=chromatism
achromatize
achromic,a=chromic
acock,a=cock
acockbill,a=cockbill
acoelomate,a=coelomate
acold,a=cold
acosmism,a=cosmism
acotyledon,a=cotyledon
acoustically,acoustical=ly
acoustician,acoustic=ian
acyclic,a=cyclic
Adan
Adeline
adiposity,adipose=ity
adorn
advertise
advertisement
aeromedicine,aero-medicine
aerometeorograph,aero-meteorograph
afrikanerdom,afrikaner=dom
after
agee
agglutinogenic,agglutinogen=ic
aggravation,aggravate=ion
agon
agonic
agoraphobia
agravic
aintab
aircraftman,aircraft-man
aircrewman,aircrew-man
airman,air-man
alabaster
alamein
alan
alanine
alas
alastrim
alat
alate
albee
alberich
alchemically,alchemical=ly
alcoholism,alcohol=ism
alderman,alder-man
aldohexose
aleatory
algebraically,algebraical=ly
algorism
aliment
alimentary
alimentation,aliment=ation
Aline
alist
alistair
alive
alkalinize
Alleghenies,Allegheny=es
allhallowmas
allhallows
alliance
Allier
allomorphism
allotypic,allotype=ic
alloway
ally
almagest
almsman,alms-man
aloetic
alphabet
alphabetically,alphabetical=ly
alter
altern
alternate
alternate,altern=ate
althorn,alt-horn
altman,alt-man
amate
ambergris
ambiguities,ambiguity=es
ambulatory
ament
amiable
amicability
amman
ammonal,ammon-al
ammonification
amoral
amorist
amorosity,amorous=ity
amortize
ampere
ampullary
amtrack
amylopsin
anaerobiosis,an-aerobiosis
anaerobiotic,an-aerobiotic
anal
anamorphism
anarchically,anarchical=ly
anarchism
anarchist
anarchy
ancillary
andante
anelace
anent
anfractuosity,anfractuous=ity
angary
anginal,angina=l
anglesite
Anglicise
animate
animation
anion
anise
aniseed
anisic,anise=ic
anneal
annual
antabuse
antagonist
antagonize
antares
antedate,ante-date
antelope
antennary
antepenultimate,ante-penultimate
anthemion
antilogy
antimoniate
antimony
antioch
antipater
antiphonary
antipodes
Antisana
antistrophe
antitragus
anucleated
anybody,any-body
apian
apogean,apogee=an
appellor
apply
appreciably,appreciable=y
Aral
aran
arbalist
arbitrarily,arbitrary=ly
arbor
arbores
arcane
archdeaconry,arch-deaconry
archenteric
archenteron
arctic
areopagitic,areopagite=ic
Arian
Aries
aristides
armillary
armorbearer,armor-bearer
aromatherapy,aroma-therapy
aromatic
articulatory
artilleryman,artillery-man
Aryan
asea,a=sea
asepsis,a=sepsis
aseptic,a=septic
asexual,a=sexual
asexuality,a=sexuality
asexually,a=sexually
ashake
ashanti
ashcroft
ashen,ash=en
ashkenazis
ashore
ashram
aside,a=side
asides,a=sides
askance
askant
asocial,a=social
assemblyman,assembly-man
assent
assess
assignor
assurance,assure=ance
assured,assure=ed
assuring,assure=ing
astonish
astringer
asyllabic,a=syllabic
asymmetrical,a=symmetrical
asymmetric,a=symmetric
asymmetry,a=symmetry
asymptomatic,a=symptomatic
asynchronism,a=synchronism
asynchronous,a=synchronous
asynergy,a=synergy
asyntactic,a=syntactic
atebrin
athanasian
atheism,a=theism
atheist,a=theist
atman
atonic
atony
attent
attest
attic
Auden
Audion
auditory
auger
augment
aural,aura=l
auroral,aurora=l
authentically,authentical=ly
autobiographical,auto-biographical
autogamy
autograph,auto-graph
autolysis
autotrophic,auto-trophic
autotrophy
avant
avebury
aver
average
averroes
Avery
avion
avionic
avions
avoid
aweary
awless,awe=less
axman,ax-man
axseed,ax-seed
ayer
azonal,a=zonal
azygous,a=zygous
baal
baccalaureate
bacillary
backsheesh
backswordman,backsword-man
bacterial,bacteria=l
badarian
Baden
Baffin
bagman,bag-man
bahrain
Bailly
bailsman,bails-man
balas
balboa
balfour
Balkan
balkhash
ballet
bally
balmoral
balneology
bandsman,bands-man
Bangor
banian
bannockburn
baptistery
barbarian
barbaric
Barbary
barbecued,barbecue=ed
barbellate
barberry
barbette
barbola
barcarole
bardeen
barfly,bar-fly
bargeman,barge-man
barman,bar-man
barn
barracoon
barramunda
barras
barred,bar=ed
barrera
barretor
barretter
barring,bar=ing
barthian
baseman,base-man
Bashan
bashkir
basilary
basilic
basion
bass
basses,bass=es
basswood,basse-wood
bastion
bateau
bateaux
bathsheba
batsman,bats-man
battuta
bawdyhouse,bawdy-house
bayern
Bayes
bayman,bay-man
beadsman,beads-man
bean
beaufort
beaumont
beauregard
beautiful,beauty=ful
beckford
bedeman,bede-man
bedesman,beads-man
bedwetting,bed-wetting
Beecham
beer
beersheba
belize
bellicosity,bellicose=ity
bellman,bell-man
beltman,belt-man
belying,belie=ing
benedick
benediction
benefactor
beneficence
beneficent
benefit
benelux
benes
benghazi
bentonite
benzal
benzine
bequeathed,bequeath=ed
berate
beres
berkshire
berley
bernard
bernbach
bessarabia
bestial
bethink
betise
betony
beyrouth
bhutan
bialy
bias
biauriculate,bi=auriculate
bicarb
bicarb,bi=carb
bicentenary,bi=centenary
Bicol
bicyclic
bicyclic,bi=cyclic
Biden
bidi
biding,bide=ing
bien
biennial
Bifrost
bifurcate
bifurcation
biga
bigamist
bijugate
biking,bike=ing
Biko
bilander
billeter,billet=er
billion
billman,bill-man
Bimini
binary
Bingen
bioassay
biology
biolysis
bios
biosciences,bioscience=s
biosis
biota
biotic
birddog,bird-dog
birdied,birdie=ed
bisect
bisector,bisect=or
bitesize,bite-size
biting,bite=ing
bitingly,biting=ly
bitten
bitterender,bitter-ender
bitterness,bitter-ness
bitterroot,bitter-root
biznaga
blanches,blanch=es
bloodmobile,blood-mobile
bloomsbury
blotchy,blotch=y
blousy
bluer,blue=er
bluesy,blues=y
blurry,blur=y
boardman,board-man
boatman,boat-man
boatsman,boats-man
boattail,boat-tail
bobbling,bobble=ing
bobbysoxer,bobbysocks=er
bodyguard,body-guard
boer
bogeymen,bogey-men
bogor
bollard
bondman,bond-man
bondsman,bonds-man
bonism
bonzer
bookman,book-man
boondoggling,boondoggle=ing
boottopping,boot-topping
boracite
boral
borden
border
born
bornholm
boscage
bothwell
bottommost,bottom-most
bouchee
boundary
bountiful,bounty=ful
bousy
bowditch
Bowen
bowman,bow-man
bowsed,bowse=ed
bowser
bowsing,bowse=ing
boycott
bracelet
bracknell
bradbury
Brahman
brakeman,brake-man
brakesman,brakes-man
brasilia
brassage
brawly,braw=ly
brawn
Brendan
brescian
brigalow
brigand
brinkman,brink-man
brittler,brittle=er
brittlest,brittle=est
brocken
bromal
brown
brucine
brutal
bryony
buckling,buckle=ing
buckram
buhrstone
bullary
bullous
bumbling,bumble=ing
bungee
bunion
buntline
Bunyan
buoyant
burbling,burble=ing
bureaucratize
burgee
burkina
burleigh
burseed,bur-seed
bushido
bushman,bush-man
buskin
busman,bus-man
bustee
cabal
cabalism
cabalist
cabinetmaker,cabinet-maker
cabinetmaking,cabinet-making
cabman,cab-man
cadastral
cadaver
caliche
caliphate
callan
callant
callee,call=ee
callosity,callose=ity
calumniate
caman
camaron
camcorder
campanile
campeche
campion
campodeiform
canakin
candidacies,candidacy=es
candlemas,candle-mass
cannot,can-not
canterbury
cantonment
cantrip
capelin
capeline
capitan
capriccio
carabiner
carbamate
carbohydrate
carbonylate
carbuncle
cardinalate,cardinal=ate
cardon
cariosity,carious=ity
carline
carlisle
carlota
carman,car-man
carmela
carmine
carnival
carnose
carnosity,carnose=ity
carnot
Carolean
carolina
Carolinian
carritch
carryforward,carry-forward
carryover,carry-over
carsey
cartagena
cartel
cartoon
cartouche
caruncle
caseation
caseous
Casey
casqued,casque=ed
castrato
casualties,casualty=es
catamount
cataplasia
cataplastic
catatonia
catatonic
catenary
cathartic
cation
catlin
cattail,cat-tail
cattleman,cattle-man
cauline
cavalryman,cavalry-man
Cavan
caveator,caveat=or
Cayes
cayuse
Cecily
cellarman,cellar-man
cellist
celluloid
censor
censual
centavo
centrifugalize
centrosomic,centrosome=ic
centurial
ceramal
ceramic
ceramist
ceres
certify
cesser
chadwick
chainman,chain-man
chairman,chair-man
chancery
chantage
chaoan
chapman,chap-man
charas
charcot
charitably,charitable=y
charpie
chauvinism
chauvinist
cheer
chefoo
chemmy
chemosmosis
chemosmotic
chemosphere
chemotropism
chewink
Chian
chimer
chimerical
chinaman,china-man
chinkiang
chiropractic
chivy
chocolaty,chocolate=y
cholagogic,cholagogue=ic
chordee
choreman,chore-man
christchurch,christ-church
christian
christmastime,christmas-time
chromolithograph,chromo-lithograph
chromolithographic,chromo-lithographic
chuckling,chuckle=ing
churchill
churchman,church-man
churchward
churchwarden,church-warden
churn
ciliary
ciliated
cineole
circlet
circling,circle=ing
circulatory
cisterna
citibank,city-bank
citrange
citronellal,citronella=l
city
clackmannan
clandestine
clansman,clans-man
clarabella
clarification
classically,classical=ly
classman,class-man
claymore
claytonia
cleanly
clearstory
clergyman,clergy-man
clown
clubman,club-man
clumsily,clumsy=ly
coachman,coach-man
coal
coalman,coal-man
coauthor,co-author
cobbling,cobble=ing
cochair,co-chair
cochairman,co-chairman
codicillary
codomain,co-domain
coed
coeducational,co-educational
coeducation,co-education
coequal,co-equal
coequality,co-equality
coessential,co-essential
coessentiality,co-essentiality
coeternal,co-eternal
coeternity,co-eternity
coexecutor,co-executor
coexist,co-exist
coextend,co-extend
coextension,co-extension
coextensive,co-extensive
cofactor,co-factor
coffee
cofounder,co-founder
cofunction,co-function
cogenerator,co-generator
cognation
cognominal
cohobate
coinheritance,co-inheritance
coinstantaneous,co-instantaneous
coinsurance,co-insurance
coinsure,co-insure
colatitude,co-latitude
coleen
coleopteran
coleopteran,coleoptera=n
coley
collage
collard
collate
collet
collier
collinear
collocation,collocate=ion
cologarithm,co-logarithm
colog,co-log
colon
colophonian
columbarium
column
columnist
coly
comaker,co-maker
commandant
comment
committee
committeeman,committee-man
communion
communism
communist
communize
commutate
compatriot,com-patriot
compatriotic,com-patriotic
complementary
component
compony
compositor
compotatory
conation
concelebrate,con-celebrate
concelebration,con-celebration
conchology
conchy
concordance
concordant
concubinary
concurrence
concurrent
condemnatory
condisciple,con-disciple
conenose,cone-nose
confessedly,confessed=ly
confraternity,con-fraternity
congest
congressman,congress-man
congressperson,congress-person
conjunctiva
connaught
connery
connotative
consolatory,console=atory
consolidation,consolidate=ion
constabulary
consubstantial,con-substantial
consubstantiate,con-substantiate
consubstantiation,con-substantiation
content
contest
continuation,continue=ation
contraband
contradictorily,contradictory=ly
contrariwise,contrary-wise
contrary
contributory
convexity,convex=ity
convulsed,convulse=ed
cony
cooee
coon
cooncan
coordination,coordinate=ion
coparcener,co-parcener
copartner,co-partner
copayment,co-payment
copen
coplanar,co-planar
coplanarity,co-planarity
copolymer,co-polymer
coral
cordate
cordial
cordoba
cordwain
corelative
coreligionist,co-religionist
corespondent,co-respondent
corey
corn
corncrake,corn-crake
corneal,cornea=l
cornishman,cornish-man
cornute
cornwallis
coronagraph
corporativism,corporative=ism
corpsman,corps-man
corrugator,corrugate=or
corsage
corselet
cory
corybantes
cosecant
coset,co-set
cosey
cosgrave
cosignatory,co-signatory
cosine
cosponsor,co-sponsor
costar,co-star
costate
costermonger,coster-monger
costmary
costumer
cotangent,co-tangent
coteau
cotemporary,co-temporary
cotenant,co-tenant
cotenure,co-tenure
coterminal,co-terminal
cotidal,co-tidal
cotise
cotype,co-type
couches,couch=es
coulombmeter,coulomb-meter
councilman,council-man
countertransference
countertransference,counter-transference
countryman,country-man
countrymen,country-men
couper
couperin
courtrai
covalence,co-valence
covariance,co-variance
covariant,co-variant
covey
cowan
Cowes
cowman,cow-man
coworker,co-worker
cozen
crackling,crackle=ing
cracksman,cracks-man
craftsman,crafts-man
cragged
cragsman,crags-man
crampoon
cranial
crankous
credential
credibly,credible=y
creditably,creditable=y
creepie
cremation
crematory
cressy
cretic
crewman,crew-man
crispate
critiqued,critique=ed
croceate
croceine
crossbowman,crossbow-man
crossbowmen,crossbow-men
crotalaria
cruelties,cruelty=es
cruise
crumbly,crumble=y
cruor
crusade
cryology
cryptocrystalline,crypto-crystalline
cryptogam
cryptorchid
cullion
cullis
cummingtonite
curator
curettage
curiosity,curious=ity
currant
current
currish,cur=ish
curry
cursive
cursor
cushion
cuspate
cuspidor
customarily,customary=ly
cyanobacterium,cyano-bacterium
daffodilly
dagoba
dairyman,dairy-man
dairymen,dairy-men
dalesman,dales-man
dalis
dally
daman
damascus
damn
damnable
damnatory
damnit
dampproof,damp-proof
darkey
Darlan
darnell
darren
datary
davies
Dawes
dawn
Dayan
daysman,days-man
deadman,dead-man
Deakin
deal
dealat
dealate
dealate,de=alate
deallocate,de=allocate
dean
deana
Deana
deanna
Deanna
deathsman,deaths-man
debby
debian
debit
debora
debouch
debouche
debruise
Debussy
debye
decade
decagram
decane
decare
decay
Deccan
decease
deceased,decease=ed
decider,decide=er
declaim
declaimed,declaim=ed
declare
decline
declines,decline=s
declinometer
deco
decollate
decor
decorticate
decoy
decrease
decreases,decrease=s
decree
decreed,decree=ed
decrees,decree=s
deed
deejay
deer
dees
defector
defenseman,defense-man
definitude
degenerate
dehortation,dehort=ation
deify
deil
deism
deist
deity
dejesus
Dejesus
delaware
dele
delegacy
delegates,delegate=s
delegation,delegate=ion
deleon
deli
delian
deliberate
deliberated,deliberate=ed
deliberating,deliberate=ing
deliberation,deliberate=ion
delineate
deliveryman,delivery-man
delmarva
Deloris
Delos
delphi
deluxe
demain
demarche
dement
demesne
demeter
Demeter
demilitarizes,demilitarize=s
deming
demit
demo
demode
demoniacally,demoniacal=ly
demonism,demon=ism
demonolater
demonolatry
demonstrably,demonstrable=y
demos,demo=s
demy
denarius
denary
denationalization,de=nationalization
deneb
denegation
dengue
denim
dentary
Deon
depilate
deposition
depositional,deposition=al
depositions,deposition=s
depository
deposits,deposit=s
deprecative,deprecate=ive
deprecatory,deprecate=ory
depredate
depredation,depredate=ion
depredator,depredate=or
depredatory,depredator=y
derate
derate,de=rate
deration,de=ration
deray
dereism
derelict
derick
derive
derives,derive=s
dermatophytic,dermatophyte=ic
derogation
derogatorily,derogatory=ly
derogatory
desalinate,de=salinate
desalinize,de=salinize
descant
descend
descent
descents,descent=s
desiree
desmid
despot
desquamate
dessau
detaches,detach=s
detail
detailed,detail=ed
detailer
detailing,detail=ing
details,detail=s
detour
detoured,detour=ed
detours,detour=s
devastation,devastate=ion
devel
deviancy,deviance=y
devilish,devil=ish
devin
devise
devisor,devise=or
devolution
dewan
dewater,de=water
dewayne
dewitt
dexterity,dexter=ity
dialogistic,dialogist=ic
diatomic
dicephalous,di=cephalous
dichloride,di=chloride
dichromate,di=chromate
dichromatic,di=chromatic
dichromaticism,di=chromaticism
dichromatism,di=chromatism
dichromic,di=chromic
dicot,di=cot
dicotyledon,di=cotyledon
dicoumarin,di=coumarin
didact
dieldrin
dieses
differentia
diffuse
dillydally,dilly-dally
dilutee
dimeter
dimorphism
dingey
dingy
dior
direction,direct=ion
disaccharide,di=saccharide
disaster
disasters,disaster=s
discant
disco
discobolus
disconcert
discontent
discontents,discontent=s
discord
discount
discountable,discount=able
discounter,discount=er
discounters,discounter=s
discounting,discount=ing
discounts,discount=s
discourse
discourses,discourse=s
discrete
discriminate
discriminative,discriminate=ive
discriminatory,discriminate=ory
discursive
disease
diseased,disease=ed
diseases,disease=s
disentrance
disjune
dismissive,dismiss=ive
disoperation,dis=operation
dispensatorily,dispensatory=ly
dispermous,di=spermous
disputative,dispute=ative
dissect
dissection,dissect=ion
dissections,dissection=s
dissects,dissect=s
dissemination
dissent
dissentient
dissertate
dissing
dissociable
dissuasion
dissyllabic
dissyllable
distally,distal=ly
distensile
distillate
distrain
distrait
distress
distresses,distress=es
distributary,distribute=ary
distribute
distributes,distribute=s
disubstituted,di=substituted
disulfate,di=sulfate
disulfide,di=sulfide
disyllabic,di=syllabic
disyllabism,di=syllabism
disyllable,di=syllable
ditheism,di=theism
divest
dizygotic,di=zygotic
doby
dockland,dock-land
doctrinal,doctrine=al
documentary
doest
dogged
dogged,dog=ed
dogman,dog-man
dolerite
dolomitic,dolomite=ic
domical,dome=ical
donatory
donnee
doomsday
doreen
Dorian
dormer
dormient
dormy
dornick
dorser
Dorsey
dosimeters,dosimeter=s
dotard
douglass
doup
dover
down
downland,down-land
dowry
draftsman,drafts-man
dramamine
drawee,draw=ee
drawer
drayman,dray-man
dressage
dreyfuss
drive
dual
duan
dubiosity,dubious=ity
dudeen
duer
Dulles
duly,due=ly
dumdum
dummy
dundee
dunkirk
duodenary
duped,dupe=ed
duper,dupe=er
dupion
dupleix
duplex
duracell
duramen
Duran
durgan
dutchman,dutch-man
dutiful,duty=ful
dying,die=ing
earreach,ear-reach
easily,easy=ly
eastman,east-man
echocardiograph,echo-cardiograph
echocardiography,echo-cardiography
echoencephalogram,echo-encephalogram
echovirus,echo-virus
eckhart
ecologically,ecological=ly
economically,economical=ly
economies,economy=es
ectophytic,ectophyte=ic
ecumenically,ecumenical=ly
eddied,eddy=ed
eddies,eddy=s
eddy
eddying,eddy=ing
Eden
eductor
eellike,eel-like
eerily,eerie=ly
egestion
eider
ejaculatory
elater
electrode
electrodeposit,electro-deposit
electrolytic,electrolyte=ic
electromagnetic,electro-magnetic
electronic
electronvolt,electron-volt
electroosmotic,electro-osmotic
electrotonus
elegies,elegy=es
elementarily,elementary=ly
elementary
Elias
Elis
elizabethan,elizabeth=an
ellen
emanation,emanate=ion
embolismic,embolism=ic
emendate
emergency
emetic
emigrate
emigration
emily
emmenthaler
Emory
enami
enamor
enantiomorphism
enate
enclave
encoffined,encoffin=ed
encoffins,encoffin=s
encore
encores,encore=s
encrinite
encyclicals,encyclical=s
ending
endings,ending=s
endoblast
endocarp
endocrinal,endocrine=al
endocrine
endoderm
endodermal,endoderm=al
endogen
endogeny
endolymph
endomorph
endomorphic,endomorph=ic
endomorphism
endomorphism,endo=morphism
endoplasm
endopodite
endoscope
endosmosis,end-osmosis
endosmotic,end-osmotic
endosperm
endospore
endrin
endurable,endure=able
enfield
engarde
Engels
engineer
englishman,english-man
Enid
Enki
ennobling,ennoble=ing
enoch
enochs,enoch=s
enology
enounce
enovid
enow
enquire
enquiring,enquire=ing
enquiringly,enquiring=ly
Enrico
Enron
ensign
enslaves,enslave=s
enslaving,enslave=ing
ensorcell
enteric
entertain
entrail
entrails,entrail=s
entrepreneurialism,entrepreneurial=ism
envies,envy=es
environ
envying,envy=ing
enzyme
eonism
epitomist
ergate
ergative
ergocalciferol
eric
eristic
erskine
eruditely,erudite=ly
eruditeness,erudite=ness
escalation,escalate=ion
espial,espy=al
essen
essence
essentialism,essential=ism
esses,ess=es
essive
estate
ester
Esterhazy
Estes
estrangedness,estranged=ness
ethnically,ethnical=ly
euphoriant
evangelistary
excaudate,ex-caudate
exciseman,excise-man
excommunicable,ex-communicable
excommunicate,ex-communicate
excommunication,ex-communication
executables,executable=s
exhibitory
exopoditic,exopodite=ic
exosmosis,ex-osmosis
experientialism,experiential=ism
expertise
expository
expressman,express-man
exstipulate,ex-stipulate
extemporarily,extemporary=ly
extraordinarily,extraordinary=ly
extraterritoriality,extra-territoriality
extravasation,extravasate=ion
exudate
exurban,ex-urban
exurbanite,ex-urbanite
eyed,eye=ed
eyer,eye=er
facsimile
factotum
factum
falangist
falconine
fallibility
falsie,false=y
fanciful,fancy=ful
fancying,fancy=ing
fanion
farandole
farcy
farthermost
fashion
fashoda
fauxbourdon
fawn
Fayal
feal
febrile
fecundity
feed
feist
felicity
fellate
fenestration,fenestrate=ion
fenman,fen-man
feodary
ferial,feria=l
ferment
ferrochrome
ferrotype
ferryman,ferry-man
fertile
fervidor
fetor
fiancee
fibroblast,fibro-blast
fides
fieldsman,fields-man
fiery
filagree
filamentary
filaria
filarial
filemot
fillagree
filles
fillet
filmmaker,film-maker
filmmaking,film-making
final
finance
finesse
finial
finicky
finis
finisterre
fireman,fire-man
firmamental,firmament=al
firman
firn
firry,fir=y
fiscal
fisherman,fisher-man
fitchee
flagellatory,flagellate=ory
flamen
flattop,flat-top
flawn
flaxman,flax-man
flexibility,flexible=ity
flexuosity,flexuous=ity
floorman,floor-man
floreated
fluent
fluor
fluoride
flyman,fly-man
foal
foeman,foe-man
fogbow
foilsman,foils-man
folkmot,folk-moat
follis
foment
footman,foot-man
forage
Forbes
forby
forearms,forearm=s
forecasts,forecast=s
forehead
foreheads,forehead=s
foreman,fore=man
foreperson,fore=person
forest
forestation,forest=ation
forever,for-ever
formal
formee
formulary
fortalice
fortis
forward
fossor
foulard
Francine
francisco
francolin
franklin
frantic
fratry
fredrick
freedman,freed-man
freeman,free-man
freemasonry,free-masonry
freer,free=er
freest,free=est
freshman,fresh-man
freytag
friable
Friedan
friesland,frieze-land
frithstool
frontes
frontiersman,frontiers-man
froward
frown
frugal
fugleman,fugle-man
fungosity,fungous=ity
furbelow
furfur
furfural,furfur-al
furfurole
furlana
furry,fur=y
fustian
gadoid
gagarin
gainsborough
galavant
galaxy
galcha
galeate
Galen
gallant
gallery
galley
gallicism
gallicize
galloway
galsworthy
gambetta
gamelan
gander
gantelope
garden
gaskell
gaskin
gasking
gaspar
gateman,gate-man
gaussmeter,gauss-meter
gavelock
gavial
gayal
gazan,gaza=n
gean
geelong
geest
gelatinate
gelatinoid
gelee
gelignite
Geller
generality
generosity,generous=ity
genial
genouilleres
genseric
gentilism
gentleman,gentle-man
gentlemen,gentle-men
gentoo
geodal,geode=al
geognostic
geology
geometer
georama
gerard
gerfalcon
germain
germaine
german
germane
Gerry
Gers
gibber
gibbosity,gibbose=ity
gibeon
giblet
gideon
gilchrist
gladiator
glassman,glass-man
glauconitic,glauconite=ic
gleeman,glee-man
glendower
glengarry
glenoid
globoid,globe=oid
globosity,globose=ity
glossary,gloss=ary
glossology
glutinosity,glutinous=ity
goal
goan,goa=n
goddamn
goddamnit,god-damnit
goddaughter,god-daughter
godiva
godzilla
goethean
goethian
goldilocks,goldy-locks
gondwanaland,gondwana-land
goodman,good-man
goon
goosander
Goren
gorgeous
gorgonzola
Goshen
gossipmonger,gossip-monger
gownsman,gowns-man
graben
graciosity,gracious=ity
gradient
gradual
grammatical
granary
grandaunt,grand-aunt
granddaddy,grand-daddy
granddad,grand-dad
granddaughter,grand-daughter
grandiosity,grandiose=ity
granjon
graphically,graphical=ly
greedily,greedy=ly
greegree
greenland,green-land
greensward,green-sward
gregory
grindelia
gripman,grip-man
griskin
grizzly,grizzle=y
groan
groceryman,grocery-man
groomsman,grooms-man
gropius
grosbeak
groundsman,grounds-man
grumbling,grumble=ing
grumman
guaranteed,guarantee=ed
guaranties,guaranty=es
guardian
guildsman,guilds-man
guinness
gullet
gunman,gun-man
gussy
gustavo
gutterman,gutter-man
gyrodyne,gyro-dyne
gyronny
gyrostabilizer,gyro-stabilizer
hackman,hack-man
hades
hainan
halal
halcion
hallucinogenic,hallucinogen=ic
halophytic,halophyte=ic
hals
halteres
haman
Hamas
hamelin
hammerman,hammer-man
hancock
handicraftsman,handicrafts-man
hangman,hang-man
Hansen
hanyang
haphazard
haptic
harborside,harbor-side
hardier,hardy=er
hardiest,hardy=est
harness
harries,harry=es
harvestman,harvest-man
hastate
Hathor
hautboy
haver
haversack
haversine
hawkey
hawkshaw
hawkweed
hawkweed,hawk-weed
hawser
hawthorne,haw-thorn
Hayes
hayward
headland,head-land
headman,head-man
headsman,heads-man
heal
heartier,hearty=er
heartiest,hearty=est
heathenry,heathen=ry
hebdomadary
heckling,heckle=ing
hegelianism,hegelian=ism
heinous
heliacal
helical
helios
heliotropism
heliotropism,helio=tropism
Hellen
Helles
hellespont
hellespontine
helminthoid
heman,he-man
hematitic,hematite=ic
hemispheroid,hemi-spheroid
hemizygous,hemi=zygous
henchman,hench-man
henrietta
herbarium
herdman,herd-man
herdsman,herds-man
herdwick
hereat,here-at
hereby,here-by
herein,here-in
hereof,here-of
hereon,here-on
heretical,heretic=al
Herman
Hermes
hermetic
heronsew
herpes
herrenvolk,herren-volk
herring
herry
Hersey
heterodoxy
heterosexuality,hetero-sexuality
heterotrophic,heterotroph=ic
hexagram
hiccup
hickory
hickwall
hidage
hidage,hide=age
hideosity,hideous=ity
hierarchies,hierarchy=es
hieratic
hieroglyphist
highland,high-land
highman,high-man
highwayman,highway-man
Hillary
hinger,hinge=er
hippocentaur,hippo-centaur
hippomenes
hirudinoid
hisself,his-self
histogeny
history
Hobbes
hodman,hod-man
hogen
Hollis
holster
homeomorphism
homocyclic,homo-cyclic
homolecithal,homo-lecithal
homopolarity,homo-polarity
homosexual,homo-sexual
homosexuality,homo-sexuality
homotypic,homotype=ic
homozygosis,homo-zygosis
honduran
hoodman,hood-man
hooghly
horary
hornito
horologic,horologe=ic
horoscopic,horoscope=ic
horribly,horrible=y
horseman,horse-man
hortatory
hosey
hostilely,hostile=ly
hotelman,hotel-man
howlet
howrah
huckaback
human
humanoid,human=oid
humbling,humble=ing
humidor
humvee
Hungary
hunger
hungry
huntsman,hunts-man
Hurrian
huruudinian
husbandman,husband-man
hushaby
hussy
hydracid
hydrazine
hydrocarbon,hydro-carbon
hydrocortisone,hydro-cortisone
hydrocyanic,hydro-cyanic
hydrogeological,hydro-geological
hydrogeology,hydro-geology
hydromedusa,hydro-medusa
hydropower,hydro-power
hydrotropism,hydro=tropism
hying,hie=ing
hymenopteran
hymnary
hymnist
hyperbaton
hyperbolism
hyperion
hypermeter
hypoacidity,hypo-acidity
hypogean
hypophysis
hypothecate
hysterically,hysterical=ly
iceland,ice-land
ichor
icker
icy,ice=y
ideologically,ideological=ly
idiomorphic
igor
ilion
illation
illative
illyria
immanence
immanent
immunize
impecuniosity,impecunious=ity
imperatival,imperative=al
imperceptibly,imperceptible=y
impetuosity,impetuous=ity
implead
implementers,implementer=s
impliedly,implied=ly
imply
important
importunate
imposthume
impostor
improvisatory
impulsive
inane
inanimate,in=animate
Inanna
incandescent,incandesce=ent
incensory
inclinometer
incognita
incomprehensibly,incomprehensible=y
increase
increases,increase=s
incurrence
incursive
indiaman,india-man
indican
indicative
indicatory,indicate=ory
indigenize
indiscriminating,in=discriminating
indiscriminatingly,indiscriminating=ly
indiscrimination,in=discrimination
indissoluble,in=dissoluble
indocile
indocility,indocile=ity
Indore
induna
inertial,inertia=l
Ines
inescapable
inevitably,inevitable=y
inexplicably,inexplicable=y
inextricably,inextricable=y
infante
infantryman,infantry-man
infantrymen,infantry-men
infinity
infirmary
inflammatorily,inflammatory=ly
informations,information=s
informers,informer=s
infula
Inge
ingeminate
ingenerate
ingine
ingrid
Ingrid
inhalation
inhaled,inhale=ed
inhales,inhale=s
inion
inkling
inlays,inlay=s
inlet
inly
innate
innit
innovation,innovate=ion
inoculate
inpatients,inpatient=s
inquire
inquiring,inquire=ing
insectary,insect=ary
insemination
insinuate
insinuation,insinuate=ion
insofar
instances,instance=s
instancy
instanter
insure
insurer,insure=er
integumentary
Intel
intelligibly,intelligible=y
Intelsat
inter
intercalation,intercalate=ion
interlocution
interment
internee,intern=ee
interpolable
interpretative
interred
interrogation,interrogate=ion
interrogatorily,interrogatory=ly
interrogatory,interrogate=ory
inti
intimacies,intimacy=es
intine
into
intonate
intuitions,intuition=s
inure
invite
invocation
invocations,invocation=s
invocative,invocate=ive
involuntarily,involuntary=ly
involute
involution,involute=ion
ionospheric,ionosphere=ic
iran
irascibly,irascible=y
irate
irish
irishman,irish-man
ironically,ironical=ly
ironside,iron-side
irrelevancies,irrelevancy=es
irresponsibly,irresponsible=y
irreversibly,irreversible=y
irrevocably,irrevocable=y
Irvine
Irwin
isagogic,isagoge=ic
Islamism
islamism,islam=ism
Islamist
islamist,islam=ist
Islamize
isobar
isobare
isobaric,isobar=ic
isobath
isobathic,isobath=ic
isochasm
isochoric,isochor=ic
isoclinal,isocline=al
isocline
isoclinic,isocline=ic
Isocrates
isodose
isogloss
isogone
isograft
isogram
isograph
isohel
isolatable
isolate
isolated,isolate=ed
isolation,isolate=ion
isoline
isomerism
isometrics,isometric=s
isomorph
isomorphism,iso=morphism
isoperimeter,iso=perimeter
isoperimetry,iso=perimetry
isopod
isopodan
isotherm
isothermal,isotherm=al
isotone
isotope
isotopic,isotope=ic
isotype
isotypic,isotype=ic
issuant,issue=ant
issuer,issue=er
italian
italianate,italian=ate
itself,it-self
jackal
jackman,jack-man
jamal
jambos
janissary
jargoon
jarless,jar-less
jasper
Jassy
jeanine
jeffry
jerboa
jerkin
jermaine
jessant
jetties,jetty=es
jewry
jingly,jingle=y
joan
joannes
jocosity,jocose=ity
jogjakarta
johannes
joskin
josser
jubal
jubate
juicier,juicy=er
jungfrau
jungly,jungle=y
juratory
jurist
juryman,jury-man
justiciary
justin
kaifeng
kain
kalifate
kamasutra
Kansan
Karelian
kation
katydid
kean
keckling
kedgeree
kerry
kewpie
kier
killdee
kilobyte
kilohertz
kimchi
kimono
kincob
kines
kirkman,kirk-man
kirmess
kirn
kirpan
Kissinger
klansman,klans-man
koan
kopeisk
koran
kraal
kraken
kroner
kronor
labial
labor
labrador
lacedaemon
lacey
lachrymosity,lachrymose=ity
lackland,lack-land
lacunal,lacuna=l
lakeland,lake-land
lallan
Lally
lamaist,lama=ist
lambent
lament
laminary
lammastide
lampion
lampoon
lamppost,lamp-post
landess
landman,land-man
landsman,lands-man
Lankester
lanosity,lanose=ity
lantana
Laos
laparoscopic,laparoscope=ic
lapides
laputa
largess
larghetto
larn
larval,larva=l
laryngectomee,laryngectomy=ee
laryngoscopic,laryngoscope=ic
lascar
Lassen
lastex
latencies,latency=es
lathee
laundryman,laundry-man
laundrywoman,laundry-woman
laureate
Lauren
Laurence
laurent
Lawes
lawn
layman,lay-man
layperson,lay-person
Lazarist
lazily,lazy=ly
leacock
leaded
leadoff,lead-off
leadsman,leads-man
leakey
leaming
lean
legate
legatee
legator
legerdemain
legree
Lely
leman
lemberg
lengthman,length-man
lensman,lens-man
lenticellate
lepidopteran
leprosarium
lessee
Lessing
lessor
leucippus
leucite
leucoma
levee
leviable,levy=able
levied,levy=ed
levier,levy=er
levies,levy=es
levogyre
lexical
liability
liable
liar,lie=er
libava
liberatory
libido
library
lied,lie=ed
liegeman,liege-man
lien
lier,lie=er
lifeboatman,lifeboat-man
ligamentary
lighterman,lighter-man
likelihood,likely-hood
Lillian
liman
limbate
limber
limen
limitative
limites
limner
limonene
limonitic,limonite=ic
linage,line=age
linear
lineman,line-man
linesman,lines-man
lingual
linguistically,linguistical=ly
linkman,link-man
lis,li=s
livelihood,lively-hood
liver
liveryman,livery-man
livingstone
livor
livy
loan
loathful,loathe=ful
loathing,loathe=ing
loathsome,loathe-some
lobsterman,lobster-man
lochial,lochia=l
lockman,lock-man
locksman,locks-man
lockyer
loden
loess
loews
logically,logical=ly
logion
logistically,logistical=ly
logy
loment
longan
longshoreman,longshore-man
loon
loosestrife,loose-strife
lordotic
Loren
loretta
Lorient
lorn
lorry
louisa
louise
lousy
louvain
lowery
lown
Lowry
lucent
luces
Lucian
Lucien
lucknow
Lucy
lullaby
lumberman,lumber-man
luminary
luminosity,luminous=ity
lunatic
lungee
Lunik
luny
Lusatian
lustihood,lusty-hood
luteous
Luther
Luxor
luxuries,luxury=es
lying,lie=ing
lyman
lymphoblast
lyrically,lyrical=ly
lytspel,light-spell
Macy
madres
maenad
magazine
magically,magical=ly
magnon
magyar
mainland,main-land
maintain
majorca
malaga
malaria
malayan,malay=an
malcontent
maldives
malefactor
malemute
malic
malkin
mallard
mallee
mallenders
mallorca
Mallory
mamillary
mammalogical
mammary
mammillary
manakin
manas
manatee
mandan
mandarin
mandatary
mandate
mandatory
mandean
mandible
mandingo
mandy
mangold
mangosteen
Manis
manisa
manitoulin
manner
mantic
manual
manxman,manx-man
manyplies
Maoris,Maori=s
maquis
maras
marcato
marcel
marcella
marches
marchman,march-man
marcos
margaritas,margarita=s
Margery
Marian
marinate
mariner
marist
markman,mark-man
markoff
marksman,marks-man
marlborough
marlowe
marmot
marocain
marquisate
marries,marry=es
marrying,marry=ing
marshaled,marshal=ed
marshaling,marshal=ing
marshman,marsh-man
marten
martensite
martina
marver
mary
massage
massedly,massed=ly
Massey
mastiff
matabele
matelot
matelote
matinee
matrices
maturate
maulmain
maulstick
mawkin
mawkish
maxillary
mayday
Mayence
mayhem
maynard
meal
mean
mechanically,mechanical=ly
mechlin
mediatory
medicochirurgical,medico-chirurgical
medicolegal,medico-legal
meed
meer
Megan
megarad,mega-rad
megrim
meiny
melamed
melanitic,melanite=ic
melanoma
melee
memory
menage
menology
menorca
mentality,mental=ity
mentor
mercenarily,mercenary=ly
merchantman,merchant-man
merchantmen,merchant-men
merciful,mercy=ful
mercurial
mercuric
merest,mere=est
meristic
merryman,merry-man
merrythought,merry-thought
meseems,me-seems
message
messan
messapian
messily,messy=ly
messman,mess-man
metaclasses,metaclass=es
metage,mete=age
metamerism
metamorphosis
metaphorically,metaphorical=ly
metaprotocol,meta=protocol
metastatic
metathetic
metazoa,meta=zoa
meteor
meteorologically,meteorological=ly
methinks,me-thinks
methodologies,methodology=es
methylal,methyl-al
michelangelo
microbe
microchips,microchip=s
micrometer
micrometers,micrometer=s
micrometre,micro-meter
micropolis
Midian
midshipman,midship-man
midwifery
mien
milan
mildew
miliary
militarily,military=ly
militiaman,militia-man
militiamen,militia-men
milliary
milliner
million
minimax,mini-max
minion
minorca
minos
minuteman,minute-man
miotic
mirage
mirror
miser
mises
miss
missa
missing,miss=ing
missive
misti
mistresses,mistress=es
moan
mobility,mobile=ity
mobilize,mobile=ize
moderate
modulate
moline
moloch
momentarily,momentary=ly
monadnock
mondale
monial
monied,money=ed
monies,money=es
monilial,monilia=l
monochromate
monochromatic,mono-chromatic
monodic
monodramatic,mono-dramatic
monolater
monolingualism,monolingual=ism
monologic,monologue=ic
monologist,monologue=ist
monomer
monopolism
monorhyme,mono-rhyme
monostich
monotone,mono-tone
monoxide
monozygotic,mono-zygotic
monroe
monsanto
monsoon
monstrosity,monstrous=ity
montane
Montcalm
montes
monumentality,monumental=ity
moon
moorman,moor-man
moped
moral
Moran
morion
morn
moros
morosity,morose=ity
mors
mosey
motion
motive
motmot
motor
motorman,motor-man
Motrin
moutonnee
mucosal,mucosa=l
mucosity,mucous=ity
Muhammadan,Muhammad=an
mullion
multilingualism,multilingual=ism
multimeter
multipara
multiplicate
multiplies,multiply=es
multivocal
mumbling,mumble=ing
mundane
munshi
murrey
murry
muscadel
muscatel
musicale
musically,musical=ly
muskogee
mutual
myology
myotic
myself,my-self
mystagogic,mystagogue=ic
nagual
naive
nancy
nanning
napery
narcotic,narco=tic
nationality,national=ity
national,nation=al
Nauruan,Nauru=an
Nauruans,Nauruan=s
Nazism
neal
nebuly
neckerchief
need
neocon,neo=con
neoconservatism,neo=conservatism
neogene
neolith
neolithic
neolocal,neo=local
neology
neoplasm
netherland,nether-land
neurotic
neurotropism
Newcomen
niblick
Nicolas
nihilism
nihilist
nihility
ninevite
nitrogenous
nitrometer
nobleman,noble-man
nobody,no-body
nodosity,nodose=ity
noes,no=es
noetic
nolan
nomen
nonage
nonagon
nonary
nones
nonet
nonpersons,nonperson=s
norman
normand
normandy
norplant
norsemen,norse-men
northeastward,north-eastward
northman,north-man
northumbria
norway
nosedive,nose-dive
notary
november
noway,no-way
nowed
nowhere,no-where
nowhither,no-whither
nowise,no-wise
nuance
number
numerically,numerical=ly
numerosity,numerous=ity
nurserymen,nursery-men
nursling,nurse-ling
oakland,oak-land
oarsman,oars-man
obamacare,obama-care
obligable
obligatorily,obligatory=ly
oboist,oboe=ist
obsequies,obsequy=es
ocher
ochry
ochs
octavo
octopuses,octopus=es
often
ogive
oglethorpe
ohmmeter,ohm-meter
okinawan,okinawa=n
Oldsmobile,Olds-mobile
oldwife
olefin
olefine
omentum
omnibuses,omnibus=es
omnipotence
omnipotent
oner,one=er
onerous
onto
open
optically,optical=ly
oral
oran
orangeman,orange-man
orangy,orange=y
orate
oration
oratorical
oratory
orchardman,orchard-man
organismic,organism=ic
organon
organzine
orientate
orion
ornithologically,ornithological=ly
orology
ortegal
orthochromatic,ortho-chromatic
orthophosphoric,ortho-phosphoric
orthotropism,ortho=tropism
Ossetian,Ossetia=n
Ossian
ossify
otic
otology
otter
outbreeding,outbreed=ing
outdoorsman,outdoors-man
outfighting,outfight=ing
outlandish
outshines,outshine=s
outshining,outshine=ing
outta
overalls,overall=s
overarching,overarch=ing
overate,over-ate
overfilled,overfill=ed
overfilling,overfill=ing
overfills,overfill=s
overgeneralized,overgeneralize=ed
overlapped,overlap=ed
overlapping,overlap=ing
overlaps,overlap=s
overreached,overreach=ed
overreaches,overreach=es
overreaching,overreach=ing
overreacted,overreact=ed
overreacting,overreact=ing
overreacts,overreact=s
overruled,overrule=ed
overrules,overrule=s
overruling,overrule=ing
overseeing,oversee=ing
overseers,overseer=s
oversees,oversee=s
owed,owe=ed
Owen
owing,owe=ing
oxhide,ox-hide
oxidable
oxtongue,ox-tongue
oxymoron
oysterman,oyster-man
pacifically,pacifical=ly
packman,pack-man
paddymelon
paid,pay=ed
palatability,palatable=ity
palatable
palauan,palau=an
palauans,palauan=s
palearctic
paleate
Paleogene
paleographic
paleolith
paleolithic,paleolith=ic
Pallas
pallbearer,pall-bearer
pallet
pallial
pally
palmate
Palmolive
pampean
pandora
pandore
pantalone
pantryman,pantry-man
Papen
parabole
parachute
parador
parados
paradoxically,paradoxical=ly
paraglider
paragraph
Paraguayan,Paraguay=an
parakeet
paralleling,parallel=ing
paralytic
parament
parametric
paramorphism
paramount
paranymph
parapet
paraphrase
parasang
paraselene
paraselenic
parasite
parasitic,parasite=ic
parasitology,parasite-ology
parasol
paratactic
parataxis
paravail
parclose
pardee
pardy
parfleche
parodies,parody=es
parsimony
partake
parterre
particolored,party-colored
partied,party=ed
parties,party=es
partying,party=ing
pasquale
passerby,passer-by
passerine
passersby,passers-by
passes,pass=es
passible
passive
pastoralist,pastoral=ist
pastrami
pated,pate=ed
paten
patent
pathology
patine
patmore
patmos
patrician
patrick
patronize
pattee
patten
patty
pauline
Pauling
paviser
pawn
pawpaw
paynim
pean
pearmain
peary
pedagogic,pedagogue=ic
pedicellate
peepul
pegasian
pehlevi
peiping
pelee
pelion
pellagra
penicillate
peninsula,pen-insula
peninsular,pen-insular
peninsulate,pen-insulate
penman,pen-man
pennoncel
pennywise,penny-wise
pensee
pentagram
pentasyllabic
penultima
penultimate
peptic
peracid
perambulate
perambulator,perambulate=or
perambulatory
percutaneous,per-cutaneous
perdido
perdu
perdue
peres
performers,performer=s
perfume
perfumed,perfume=ed
perfumes,perfume=s
perfuming,perfume=ing
perfunctorily,perfunctory=ly
periapt
pericarp
pericranium
perigee
periglacial
perinatal
periodate
periodically,periodical=ly
perionychia
periotic
perish
perisperm
perjure
perkin
perking,perk=ing
perlis
perlite
permalloy
permit
permutate
permutated,permutate=ed
permutating,permutate=ing
permutation,permutate=ion
permutations,permutation=s
permute
pern
pernancy
Pernik
pernod
peron
peroneal
peroxidase
peroxide
peroxidic,peroxide=ic
peroxidize
peroxy
perpend
perrin
perseity
perseverate
persevere
personality,personal=ity
perturbative
pervert
pescara
peseta
pessary
petaurist
petechial,petechia=l
peterman,peter-man
petites,petite=s
petrostate,petro-state
petties,petty=es
pettitoes
pewee
phagedena picard
pharmacies,pharmacy=es
phenotypic,phenotype=ic
phial
philanthropies,philanthropy=es
Philippian
Philly
philosophies,philosophy=es
phonasthenia
phonate
phonatory
phonogram,phono-gram
phonograph,phono-graph
phonolitic,phonolite=ic
phonoreception,phono-reception
phonotypic,phonotype=ic
phosphorism
photoperiodic,photo-periodic
photopia
photopic
photosetting,photo-setting
phototonus
phreatophytic,phreatophyte=ic
pial
pian
pianism
pianist
picard
pickling,pickle=ing
picotee
picrite
pieman,pie-man
pietism
piety
pigman,pig-man
pignora
pikelet
pikeman,pike-man
Pilate
pileate
pillion
pillory
pillsbury
pilosity,pilose=ity
pindaric
pinion
Pinter
piosity,pious=ity
pious
piqued,pique=ed
pistoleer
pitchman,pitch-man
pitman,pit-man
pity
placeman,place-man
placentary
plainchant,plain-chant
plainclothesman,plainclothes-man
plainsman,plains-man
planarian
platen
pleiades
plenary
plentiful,plenty=ful
pleural,pleura=l
plies,ply=s
plowman,plow-man
plumbate
plumbism
plumosity,plumose=ity
pluviosity,pluviose=ity
pointsman,points-man
poitiers
polariscope
polarity,polar=ity
policeman,police-man
polish
polly
polycrates
polygenism
polygraphist
polymerism
polymerize
polymorphism
polyunsaturated,poly-unsaturated
polyzoan
pommee
pomposity,pompous=ity
ponderosity,ponderous=ity
pontifically,pontifical=ly
pontlevis
poon
poppycock,poppy-cock
porcelainize,porcelain=ize
porn
porosity,porous=ity
portend
portfolio
portland,port-land
portman,port-man
portrait
portray
possibility
possible
postdoctoral,post=doctoral
postil
postilion
postman,post-man
postoperative,post=operative
postprocessors,postprocessor=s
potation
potatory
potman,pot-man
potwaller
poultryman,poultry-man
power
powwow
practically,practical=ly
preamble
prebend
precautionary,precaution=ary
precede
preceded,precede=ed
precedes,precede=s
preceding,precede=ing
precent
precentorial,precentor=ial
precess
precession,precess=ion
preciosity,precious=ity
precursive
predatory
predial
pree
preemption,preempt=ion
preemptor,preempt=or
prejudicial,prejudice=ial
Premarin
premeditated,premeditate=ed
premiered,premiere=ed
premiering,premiere=ing
premise
premiss
preoperative,pre=operative
preposition
pres
presage
presbyterate
preschools,preschool=s
prescott
presentient
preserve
preserved,preserve=ed
preserver,preserve=er
preservers,preserver=s
preserves,preserve=s
preserving,preserve=ing
preside
presided,preside=ed
presides,preside=s
presiding,preside=ing
pressman,press-man
presumptuous
pretext
pretor
pricier,pricey=er
priciest,pricey=est
primarily,primary=ly
primavera
prior
privateer
privateersman,privateers-man
privative
prizeman,prize-man
probability
proband
probang
probate
probation
probative
probit
procarp
process
proclaim
proconsulate,proconsul=ate
proctoscopy
prodigies,prodigy=es
prodrome
produce
product
products,product=s
profile
profit
profits,profit=s
profluent
profs,prof=s
progestational,pro-gestational
prognoses
prognosis
program
prolan
prolate
promise
propagate
propane
prophesied,prophesy=ed
prophesies,prophesy=es
proposition
propositioned,proposition=ed
propositions,proposition=s
prorate
prorated,prorate=ed
prorogation
prorogue
prosect
proserpine
prosify
prosit
prospector,prospect=or
prostate
prostheses
prosthetic
protest
protocol
protonotary
protozoal,protozoa=l
proudhon
Provencal
proverb
proverbs,proverb=s
province
provitamin,pro-vitamin
Pryor
psychobabble
psychobabble,psycho-babble
psychograph
psychographic,psycho-graphic
psychograph,psycho-graph
psychopath
psychopathic,psycho-pathic
psychopathology,psycho-pathology
psychopath,psycho-path
psychopomp
psychosis
pudding
puerperal,puerpera=l
puffin
pulaski
pulpit
pulsed,pulse=ed
pungy
puree
puritanisms,puritanism=s
purport
purree
pursuer,pursue=er
pursy
pustule
puttee
pyrites
pyrology
pyrolysis
pyrosis
pythias
quadragesimal,quadragesima=l
quadrantes
quadrat
quadrille
quadrupedal,quadruped=al
quahog
quamash
quant
quantize
quarrian
quarryman,quarry-man
quatrain
quean
quemoy
quesnay
quest
question
quillman,quill-man
quinary
quinate
Quincy
quinella
quintain
quintan
quintessence
quintet
quintile
quist
racemize
radarman,radar-man
raddleman,raddle-man
radical
radioactivity,radio-activity
radiographic,radio-graphic
radionuclide,radio-nuclide
Radom
rafale
raftsman,rafts-man
railman,rail-man
railwayman,railway-man
rainbow
rajput
rally
ramakrishna
rambling,ramble=ing
rameau
ramee
rampage
rampion
ranchman,ranch-man
randian
random
rankling,rankle=ing
rapallo
raphides
rapscallion
rasbora
rascal
raspberries,raspberry=es
ras,ra=s
ratafee
ratan
ratify
rationality,rational=ity
ratline
rattan
rattlingly,rattling=ly
rawinsonde,rawin-sonde
rayburn
rayleigh
reabsorb,re=absorb
reacquire,re=acquire
readily,ready=ly
readmit,re=admit
ready
real
realestate,real-estate
realist,real=ist
reanalyze,re=analyze
rebar,re=bar
rebate
rebated,rebate=ed
rebates,rebate=s
rebeck
rebel
rebels,rebel=s
rebop
recede
receded,recede=ed
recedes,recede=s
receding,recede=ing
receptive
receptor
recess
recessionary,recession=ary
recession,recess=ion
recite
recited,recite=ed
recites,recite=s
reciting,recite=ing
recognizably,recognizable=y
recoil
recollect
recollected,recollect=ed
recollecting,recollect=ing
recollection,recollect=ion
recollections,recollection=s
recollects,recollect=s
recommend
recommendatory,recommend=atory
recommended,recommend=ed
recommending,recommend=ing
recommends,recommend=s
recon
reconciliation
reconciliatory
record
recorded,record=ed
recorder,record=er
recording,record=ing
records,record=s
recoup
recourse
recreation
rectangle
rectum
recurrence
recursive
recusant
reddleman,reddle-man
rede
redeem
redeemed,redeem=ed
redeems,redeem=s
reding,rede=ing
redintegrate
redon
redux
reed
reeked,reek=ed
reeking,reek=ing
reen
rees,ree=s
reest
reeve
reeves,reeve=s
reflex
reflexed,reflex=ed
reflexes,reflex=es
reformers,reformer=s
refuse
refused,refuse=ed
refusenik,refuse=nik
refuses,refuse=s
refusing,refuse=ing
regenerate
regenerated,regenerate=ed
regenerating,regenerate=ing
regeneration,regenerate=ion
regeneration,re=generation
regenerative
regenerative,regenerate=ive
regenerative,re=generative
reges
regie
Regin
regina
rego
regula
regularity,regular=ity
regulatory
reich
reif
reilly
rein
reincarnated,reincarnate=ed
reins,rein=s
reist
reit
reiter
reive
relay
relaying,relay=ing
relays,relay=s
relevance
relevant
relied,rely=ed
relier,rely=er
religiosity,religious=ity
relying,rely=ing
remanent
remarkably,remarkable=y
remediable
remex
remora
renascent
renationalization,re=nationalization
renee
Reni
Reno
Renoir
renovation
repackaged,repackage=ed
repackages,repackage=s
repackaging,repackage=ing
repairman,repair-man
repetition
repetitions,repetition=s
replicate
replies,reply=es
repo
reprehensible
reprehension
represent
representative,represent=ative
represented,represent=ed
representing,represent=ing
represents,represent=s
repulsed,repulse=ed
require
requiring,require=ing
rescission
research
researched,research=ed
researcher,research=er
researchers,researcher=s
researches,research=es
researching,research=ing
research,re=search
resect
resection,resect=ion
resemblance
resembling,resemble=ing
reserve
reserved,reserve=ed
reserves,reserve=s
reserving,reserve=ing
reside
resided,reside=ed
resides,reside=s
residing,reside=ing
resinify,resin=ify
resinous,resin=ous
resolubleness,resoluble=ness
resorb
resource
resources,resource=s
respirable
respite
resting,rest=ing
restrain
restrainedly,restrained=ly
restrained,restrain=ed
restrainer,restrain=er
restraining,restrain=ing
restrains,restrain=s
restraints,restraint=s
retail
retailed,retail=ed
retailer,retail=er
retailing,retail=ing
retails,retail=s
rete
retinal,retina=l
retiral,retire=al
retire
retired,retire=ed
retires,retire=s
retiring,retire=ing
retort
retorts,retort=s
retrad
retroactivity,retro-activity
retrogradation,retro-gradation
reutter,re=utter
Reval
revenue
revenues,revenue=s
revise
revive
revives,revive=s
revolute
revolution
reward
rheotropism
rhetoric
rhetorically,rhetorical=ly
rhinal
rhodian
rhodies
rhody
rhomboid
rhythmically,rhythmical=ly
ribband,rib-band
ricercar
ricercare
rickover
rickshaw
riddling,riddle=ing
ridotto
rifleman,rifle-man
rimbaud
rimosity,rimose=ity
ringent
riparian
rival
rivas
roadman,road-man
robotize,robot=ize
rodman,rod-man
rodrick
rollins
roman
romance
Romany
rondelet
roommate,room-mate
rosary
roseate
rotary
rother
Rothermere
rouen
rouncy
roundsman,rounds-man
routed,route=ed
routeman,route-man
router,route=er
routing,route=ing
rowan
rowen
Ruben
ruddleman,ruddle-man
rudimentary
rugged
rugosity,rugose=ity
runagate
ruskin
rutland,rut-land
ryeland,rye-land
sabulosity,sabulous=ity
saccate
sacrament
sacring
sadism
sadist
safaris,safari=s
sagittary
saipan
salal
salami
salary
salarymen,salary-men
salesman,sales-man
salinas
salish
sallee
sallet
sally
saltant
saltation
saltatory
saltire
salutary
salvable
salver
salvor
samaria
Samothracian,Samothrace=ian
sampan
samsara
santana
sapsago
sarcoma
sardine
sardis
sardonyx
saris,sari=s
sassy
satisfactorily,satisfactory=ly
saturn
sauceboat,sauce-boat
saucebox,sauce-box
saurian
saveloy
sayyid
scaffold
scapulary
schistosity,schistose=ity
schizogenesis
schizogenic
schnorrer
schoolman,school-man
science
scienter
scorn
scotchman,scotch-man
scotsman,scots-man
scrambling,scramble=ing
scrupulosity,scrupulous=ity
scullion
scumbling,scumble=ing
seal
seaman,sea-man
seance
secondarily,secondary=ly
secreted,secrete=ed
sectary
secundine
sedimentarily,sedimentary=ly
sedimentary
seed
seedman,seed-man
seedsman,seeds-man
seer
segars
seicento
seigneury
seigniory
seils
seine
seise
seize
selectman,select-man
selkirk
seminary
semination
seminole
semitic
semitics,semitic=s
senarius
senary
senegal
senhora
september
seral,sere=al
serdab
serial
seric
serosity,serous=ity
serous
serpula
serran
serrate
serry
servile
Servite
setscrew,set-screw
settable,sett=able
severely,severe=ly
severest,severe=est
severn
sexagesimal,sexagesima=l
sexcentenary,sex-centenary
sextet
sextolet
sexuality,sexual=ity
shagreen
shamaness,shaman=ess
shamanist,shaman=ist
shampoo
shanties,shanty=es
sharia
sharpen,sharp=en
sharpies,sharpie=s
shawn
shawnee
shealing
shearman,shear-man
sheen
sheepman,sheep-man
sheer
sheikdom,sheikh-dom
shenyang
shier,shy=er
shiest,shy=est
shingly,shingle=y
shipman,ship-man
shootout,shoot-out
shopman,shop-man
shoran
shoreward
shorthorn,short-horn
showily,showy=ly
showman,show-man
shulamite
shuln
sialagogic,sialagogue=ic
Sicilian
siderotic
sidesman,sides-man
sieger
sightseer,sightsee=er
sightseer,sight-seer
sightsee,sight-see
sigillation
siglos
signalman,signal-man
signory
sigurd
silhouetted,silhouette=ed
simeon
simian
simious
simulatory
sincere
sinecure
singlet
singly,single=y
sining
Sinkiang
sinuosity,sinuous=ity
siphonophorous,siphonophore=ous
Siree
siren
sitology
Sivas
sixteen,six-teen
skeptic
skilless,skill-less
skyer
skyey,sky=y
sleepily,sleepy=ly
slimsy
slurry
smarties,smarty=es
snickersnee
snippety
snowmobile,snow-mobile
sociogram
sociological
sociologistic,sociologist=ic
sociopath
sociopaths,sociopath=s
solan
solander
solemnize
solen
Solent
soler
soleure
solidary
Solingen
sonant
sonarman,sonar-man
soothed,soothe=ed
soothing,soothe=ing
sorn
sorry
southeastward,south-eastward
southwestward,south-westward
sowcar
sparkling,sparkle=ing
sparry,spar=y
spartacist
spearman,spear-man
species
spectrogram
spectrograph
spectroscope
spectroscopic,spectroscope=ic
speedily,speedy=ly
spencer
spermary
spicate
spier
spillane
spinosity,spinose=ity
spirant
spirographic,spirograph=ic
spirometric
spoilsman,spoils-man
spokesman,spokes-man
sportsman,sports-man
spousal
sprightful,sprite=ful
spurry
squireen
stableman,stable-man
stagnation
stalagmite
stalin
stalingrad,stalin-grad
stallman,stall-man
staminode
stampede
standby,stand-by
standoff,stand-off
stannary
stans
starboard,star-board
starkey
Staten
statesman,states-man
statutorily,statutory=ly
staurolitic,staurolite=ic
stavesacre
steadily,steady=ly
steamily,steamy=ly
steelman,steel-man
steersman,steers-man
stelazine
stellate
stellated
stentor
stephanotis
stepparent,step-parent
stereographic,stereo-graphic
stickybeak,sticky-beak
stigmasterol
stillion
stillman,still-man
stipellate
stirrup
stockhausen
stockman,stock-man
stoically,stoical=ly
stollen
storeman,store-man
strategically,strategical=ly
strenuosity,strenuous=ity
stricken
strickling,strickle=ing
strontian
strophoid
stumbling,stumble=ing
stylesheet,style-sheet
stylobate,stylo-bate
stylograph,stylo-graph
stymied,stymie=ed
subadar
subaltern
subaudition,sub=audition
subdiaconate,sub=diaconate
subdual,subdue=al
subduce
subduct
subdue
subdued,subdue=ed
subduing,subdue=ing
suber
suberic
suberin
subflooring,subfloor=ing
subjectivism,subjective=ism
subjugate
sublet,sub-let
sublimable
sublime
submerge
submerged,submerge=ed
submiss
submission
submissions,submission=s
submissive
submit
subordinate
subpoenaing,subpoena=ing
subrogation,subrogate=ion
subscribe
subscriber,subscribe=er
subscribes,subscribe=s
subsequence
subsequent
subside
subsided,subside=ed
subsidence
subsides,subside=s
subsidiary
subsiding,subside=ing
subtile
subversion
subvert
successive
successor
suckling,suckle=ing
Sumerian
sunbow
sundae
sungkiang
superable
supercharged,supercharge=ed
supercharger,supercharge=er
superconductors,superconductor=s
superdelegates,superdelegate=s
supergiants,supergiant=s
superheroes,superhero=es
superminicomputers,superminicomputer=s
superpowers,superpower=s
superstars,superstar=s
supervise
supervisors,supervisor=s
supervisor,supervise=or
supplementary
suppletory
suppliant
suprarational,supra-rational
suprarenal,supra-renal
surcease
surffish
surgery
surrogation,surrogate=ion
surtout
Susan
sustentation
sustentative
swagman,swag-man
swanee
swedish,swede=ish
switchman,switch-man
switzerland,switzer-land
swordman,sword-man
swordsman,swords-man
sycee
sycophantic,sycophant=ic
sylphide
sylvan
symbiosis
symbiotic
symmetrically,symmetrical=ly
symphonic
sympodium
syncline
syndicalist
synonymize
synonymy
sypher
taal
tableland,table-land
taborin
tachism
tachistoscopic,tachistoscope=ic
tackling,tackle=ing
Tahitian,Tahiti=an
talesman,tales-man
talkfest,talk-fest
tallchief
tallchief,tall-chief
tallinn
tallyman,tally-man
tampan,tampa=n
tampion
tanagra
tanbur
tandoor
tanist
tansy
tantalate
tantalite
tantalus
tantamount
tantara
taradiddle
taras
tardiness,tardy=ness
tarmacadam,tar-macadam
tarn
tarpan
tarpaulin
tartana
tartare
tatami
tautomerism
teal
teammate,team-mate
teared
teed
teer
teetotal
teetotaler,teetotal=er
teleconferencing,teleconference=ing
teledu
telegrapher
telemarketers,telemarketer=s
telemarketer,tele=marketer
telemeter
teleology
telepath
telephony
telescopic,telescope=ic
telestich
televise
televisor,televise=or
template
tenace
tenes
tenurial
ternary
ternion
terramara
terrapin
tertian
tesselate
testament
testamentary
testes
testily,testy=ly
testis
testudo
tetrabrach
tetracyclic,tetra-cyclic
tetrode
thebes
theodolitic,theodolite=ic
thereanent,there-anent
therefor,there-for
therein,there-in
thereof,there-of
thereon,there-on
therewithal,there-withal
thermion,therm-ion
thermoscope
thermoscope,thermo=scope
thermostat
thermostat,thermo=stat
thermotropism
thinko,think-oh
thirteen
thorn
thorndike
thuggee
thumbprint,thumb-print
thundershower,thunder-shower
thurgau
tical
tied,tie=ed
tier
tigrean,tigre=an
tilbury
tillerman,tiller-man
tillich
tillman,till-man
timbale
timberman,timber-man
tipperary
titlark,tit-lark
Tobey
toby
toffee
token
tokenize,token=ize
tokology
tolan
tollman,toll-man
toluate
toman
tomnoddy
tongman,tong-man
tonking
tonking,tonk=ing
tonnish
toon
toots
tootsy
topgallant
topiary
topman,top-man
toran
toric
tories,tory=es
torment
torn
torous
torques
Torrance
torrent
Torres
torsibility
tory
tourbillion
tourmalinic,tourmaline=ic
tower
towmont
townsman,towns-man
toyoda
Tracey
tracheal,trachea=l
trackman,track-man
tractarianism
Tracy
tradesman,trades-man
traditores
trainman,train-man
transfer
transference
transferrin
transformation
transformers,transformer=s
transire
transit
transitorily,transitory=ly
transits,transit=s
transponder
transponders,transponder=s
transport
transportable,transport=able
transported,transport=ed
transporters,transporter=s
transporter,transport=er
transporting,transport=ing
transports,transport=s
transudate
trapan
treatise
tremies
tremies,tremie=s
trencherman,trencher-man
trendier,trendy=er
triads,triad=s
trial
trialist,trial=ist
triangles,triangle=s
triangulate
tribade
tribesmen,tribes-men
tribrach
tributary
tribute
tributes,tribute=s
tricentenary,tri=centenary
trichina
trichromatic,tri=chromatic
trickling,trickle=ing
tricostate
tricot
tricyclic
tricyclic,tri=cyclic
trier,try=er
trifoliated
trigo
trillion
trimeter
trinary
tripods,tripod=s
trisect
triskelion
Tristan
tristate
tristful
tristich
trithing
triumphant
trochal
trochee
trochoid
tropic
tropine
tropism
tropology
truckee
trudgen
trueman,true-man
truer,true=er
truest,true=est
truly,true=ly
trypanosomic,trypanosome=ic
tuberosity,tuberose=ity
tubman,tub-man
tumbling,tumble=ing
turbocharge,turbo-charge
turfman,turf-man
turkmen
tushy
tweer,twee=er
tweest,twee=est
twinkling,twinkle=ing
tyer,tie=er
tying,tie=ing
tympany
Tyree
ultracentrifugal,ultra-centrifugal
ultramicrometer,ultra-micrometer
ultranationalist,ultra-nationalist
ultrared,ultra-red
umbellet
unalterably,unalterable=y
unary
unco
unctuosity,unctuous=ity
unctuously,unctuous=ly
unde
underclans,underclan=s
undergraduates,undergraduate=s
underlet,under-let
understewards,understeward=s
understorey,under=story
underutilized,underutilize=ed
uneasily,un=easily
ungula
uniate
unijugate
unilocular,uni-locular
uninterested,un=interested
unipotent
unit
uniting,unite=ing
units,unit=s
university
unless
unmistakably,unmistakable=y
unrecompensed,un=recompensed
unselfconscious
unto
untouchables,untouchable=s
upland,up-land
upmarket,up-market
upsize,up-size
upstanding,up-standing
upstart,up-start
upstroke,up-stroke
upsurge,up-surge
upsweep,up-sweep
upswell,up-swell
upswept,up-swept
upswing,up-swing
urdy
urethroscopic,urethroscope=ic
vacationland,vacation-land
valeric
valery
valise
valuable,value=able
vampirish,vampire=ish
vanguard
vaporosity,vaporous=ity
vasoinhibitory
Vatican
vaxes
veal
veer
vegan
vegas
velamen
velcro
venatic
venosity,venose=ity
ventilate
ventilation,ventilate=ion
ventosity,ventose=ity
ventricosity,ventricose=ity
veracruz
verbosity,verbose=ity
verdant
verdigris
verdin
vernation
versant
versatile
versine
vertebral,vertebra=l
vertical
verticillate
vesical,vesica=l
vesicatory
vestryman,vestry-man
viatores
vibratory
victim
Vidal
vied,vie=ed
villosity,villose=ity
vinal
Vincent
vincentian
vincible
vineland,vine-land
vinic
vinosity,vinous=ity
vinous
violate
violation,violate=ion
virtuosic,virtuous=ic
virtuosity,virtuous=ity
visceral,viscera=l
viscosity,viscose=ity
visor
vitamin
vitreosity,vitreous=ity
vives
volant
volsci
volsung
voltaism,volta=ism
voluminosity,voluminous=ity
voluntarily,voluntary=ly
votary
vying,vie=ing
waal
wadas
waddy
waldorf
walgreen
wallabies,wallaby=es
waller
Wallis
wallsend
wally
wallydrag
walpole
wangun
wanion
wannabee
warbling,warble=ing
wardress
warman,war-man
warrant
warrantor
warren
warsaw
warwick
washerman,washer-man
washiness,washy-ness
washingtonia
wastery
watchman,watch-man
waterman,water-man
weal
wean
wearily,weary=ly
wearish
wearisome,weary-some
weary
weatherperson,weather-person
weed
weepie
weer,wee=er
weest
weest,wee=est
weighman,weigh-man
welcome,well-come
welshman,welsh-man
whatso,what-so
wheelman,wheel-man
wheelsman,wheels-man
wheen
whencesoever,whence-soever
whereas,where-as
whereat,where-at
whereby,where-by
wherein,where-in
whereof,where-of
whereon,where-on
whereto,where-to
wherever,where-ever
wherewithal,where-withal
wherry
wherryman,wherry-man
whimsically,whimsical=ly
whirry,whir=y
whitener,whiten=er
whitening,whiten=ing
whoremonger,whore-monger
whoreson,whore-son
wicked
wicked,wick=ed
Wickes
wicklow
wikiup
wilburn
williamsburg,williams-burg
Willis
wincey
Winchester
winded
wingman,wing-man
wireman,wire-man
wisdom
wiseacre
wised,wise=ed
wiseman,wise-man
wiser,wise=er
wisest,wise=est
wiss
withal,with-all
wither
within,with-in
without,with-out
withy
witloof
wolffish,wolf-fish
wolfgang
wonted
wonted,wont=ed
woodland,wood-land
woodman,wood-man
woodrow
woolly,wool=y
woolman,wool-man
workman,work-man
worrisome,worry-some
worrywart,worry-wart
worthy
wowser
wretched
Xian
yachtsman,yachts-man
yankee
yaobang
yawmeter,yaw-meter
yawn
yean
yeggman,yegg-man
yuan
yugoslav
yulan
zaman
zenaida
zillion
zimbabwean,zimbabwe=an
zoetrope
zonary
zoochore
zooid
zooming,zoom=ing
zoos
zygosity,zygose=ity
