Traditional,POS,Phonetic,Redirect,Parts
a,,ä°
AA,,á°á
AAA,,trip'lä°
Aachen,,á°k'n
Aalborg,,á°lbórg
Aalesund,,á°l'sún
aalii,,álë°ë
Aalst,,á°lst
Aalto,,á°lto
Aarau,,á°raú
aardvark,,á°rdvárk
aardwolf,,á°rdwúlf
Aargau,,á°rgaú
Aaron,,ä°r'n
Aaronic,,äro°nik,
Aaronical,,äro°nik'l,,Aaronic-al
AB,,a°b
ABA,,'bá°
abac,,ä°bak
abaca,,ábáká°
abacist,,a°b'sist,,abac-ist
aback,,'ba°k,
abacus,,a°b'k's,
Abadan,,áb'dá°n
Abaddon,,'ba°d'n
abaft,,'ba°ft
abalone,,ab'lö°në
abamp,,a°bamp
abampere,,aba°mpër,
abandon,,'ba°nd'n,
abandoned,,'ba°nd'nd,,abandon-ed
abandonedly,,'ba°nd'ndlë,,abandoned-ly
abandonee,,'band'në°,,abandon-ee
abandoning,,"'ba°nd'niń",,abandon-ing
abandonment,,'ba°nd'nm'nt,,abandon-ment
abandonments,,'ba°nd'nm'nts,,abandonment-s
abandons,,'ba°nd'nz,,abandon-s
abas,,á°b's,
abase,,'bä°s,
abased,,'bä°st,,abase-ed
abasement,,'bä°sm'nt,,abase-ment
abash,,"'ba°ś",
abashed,,"'ba°śt",,abash-ed
abashedly,,"'ba°śidlë",,abashed-ly
abasia,,'bä°źy'
abask,,'bá°sk,
abate,,'bä°t,
abated,,'bä°tid,,abate-ed
abatement,,'bä°tm'nt,,abate-ment
abatements,,'bä°tm'nts,,abatement-s
abates,,'bä°ts,,abate-s
abating,,"'bä°tiń",,abate-ing
abatis,,a°b'të,
abatises,,a°b'tisiz,,abatis-es
abatjour,,abaźü°r
abattoir,,ab'twá°r,
abaxial,,aba°ksë'l
abb,,a°b
Abba,,a°b'
abbacy,,a°b'së,
Abbas,,'bo°s,
Abbasid,,a°b'sid,
abbatial,,"'bä°ś'l",
abbe,,abä°
abbes,,abä°z,
abbess,,a°bis,
Abbevillian,,abvi°lë'n
abbey,,a°bë,
abbot,,a°b't
Abbott,,a°b't
abbreviate,,'brë°vëät,
abbreviated,,'brë°vëätid,,abbreviate-ed
abbreviates,,'brë°vëäts,,abbreviate-s
abbreviating,,"'brë°vëätiń",,abbreviate-ing
abbreviation,,"'brëvëä°ś'n",,abbreviate-ion
abbreviations,,"'brëvëä°ś'nz",,abbreviation-s
abbs,,a°bz,,abb-s
Abby,,a°bë
abcoulomb,,abkü°lom
Abdias,,abdï°'s
abdicant,,a°bd'k'nt
abdicate,,a°bd'kät
abdicated,,a°bd'kät'd,,abdicate-ed
abdicates,,a°bd'käts,,abdicate-s
abdicating,,"a°bdikätiń",,abdicate-ing
abdication,,"abdikä°ś'n",,abdicate-ion
abdomen,,a°bd'm'n
abdominal,,abdo°m'n'l
abdominally,,abdo°min'lë,,abdominal-ly
abdominous,,abdo°m'n's
abduce,,abdü°s
abducens,,abdü°senz,
abducent,,abdü°s'nt,
abducentes,,abdúse°ntëz,,abducent-es
abduct,,abdu°kt
abducted,,abdu°ktid,,abduct-ed
abductee,,abduktë°,,abduct-ee
abductees,,abduktë°z,,abductee-s
abducting,,"abdu°ktiń",,abduct-ing
abduction,,"abdu°kś'n",,abduct-ion
abductions,,"abdu°kś'nz",,abduction-s
abductor,,abdu°kt'r,,abduct-or
abductors,,abdu°kt'rz,,abductor-s
abducts,,abdu°kts,,abduct-s
Abdul,,abdü°l,
Abe,,ä°b
abeam,,'bë°m,
abecedarian,,äbësëdä°rë'n,,abecedary-an
abecedarium,,äbësëdä°rë'm
abecedary,,äbësë°d'rë,
abed,,'be°d,
Abednego,,a°bedn'gö
Abel,,ä°b'l
Abelard,,a°b'lárd,
abele,,'be°l
abeles,,ä°b'lëz,,abele-s
Abelian,,'bë°lë'n,,Abel-ian
abelmosk,,ä°b'lmosk,
Abelson,,a°bils'n,
Abeokuta,,á°bäö°kútá
Aberdare,,a°b'rdär
Aberdeen,,a°b'rdën
Aberdonian,,ab'rdö°në'n
Abernathy,,a°b'rnaþë
aberrant,,abe°r'nt
aberration,,"ab'rä°ś'n"
aberrational,,"ab'rä°ś'n'l",,aberration-al
aberrations,,"ab'rä°ś'nz",,aberration-s
abessive,,abe°siv,
abet,,'be°t,
abetted,,'be°tid,,abet-ed
abetter,,,abettor
abetting,,"'be°tiń",,abet-ing
abettor,,'be°t'r,,abet-or
abeyance,,'bä°'ns
abeyant,,'bä°'nt,
abfarad,,abfa°rad
abhenry,,abhe°nrë
abhominable,,abhá°m'n'b'l
abhor,,abhó°r
abhorred,,'bhó°rd,,abhor-ed
abhorrence,,abho°r'ns
abhorrent,,abhó°r'nt,,abhor-ent
abhorrently,,abho°r'ntlë,,abhorrent-ly
abhors,,'bhó°rz,,abhor-s
Abib,,ä°bib
abidance,,'bï°d'ns
abide,,'bï°d,
abides,,'bï°dz,,abide-s
abiding,,"'bï°diń",,abide-ing
abidingly,,"'bï°dińlë",,abiding-ly
Abidjan,,abijo°n
Abigail,,a°b'gäl
Abilene,,a°bilën
abilities,,'bi°l'tëz,,ability-es
ability,,'bi°litë,
Abingdon,,"a°bińd'n"
abiogenesis,,äbïöje°nisis,
abiogenetic,,ä°bïöj'ne°tik,
abiogenist,,äbï°áj'nist,
abiosis,,äbïö°sis,,a-biosis
abiotic,,äbïá°tik,,a-biotic
abirritant,,abi°rit'nt,
abirritate,,abi°rität,
abject,,a°bjekt
abjection,,"'bje°kś'n",,abject-ion
abjectly,,abje°ktlë,,abject-ly
abjunction,,"abju°ńkś'n"
abjuration,,"abjúrä°ś'n",,abjure-ation
abjure,,abjú°r
Abkhazian,,abka°zë'n
Abkhazians,,abka°zë'nz,,Abkhazian-s
ablate,,ablä°t,
ablation,,"ablä°ś'n",
ablatival,,abl'tï°v'l,,ablative-al
ablative,,ablä°tiv,
ablaut,,á°blaút
ablaze,,'blä°z,
able,,ä°b'l
abled,,ä°b'ld,,able-ed
ablegate,,a°bl'gät
ablepsia,,'ble°psë'
abler,,ä°bl'r,,able-er
ables,,ä°b'lz,,able-s
ablest,,ä°bl'st,,able-est
ablins,,ä°blinz,
abloom,,'blü°m,
abluent,,a°blü'nt
ablush,,"'blu°ś",
ablution,,"ablü°ś'n"
ably,,ä°blë,,able-y
abmho,,a°bmö
abnegate,,a°bn'gät
abnegation,,"abnigä°ś'n",,abnegate-ion
Abner,,a°bn'r,
abnormal,,abnó°rm'l
abnormalities,,abnórma°l'tëz,,abnormality-es
abnormality,,abnórma°litë,,abnormal-ity
abnormally,,abnó°rm'lë,,abnormal-ly
abnormity,,abnó°rmitë
Abo,,o°bö
aboard,,'bó°rd,
abode,,'bö°d,
abohm,,abö°m
abolish,,"'bo°liś",
abolished,,"'bo°liśt",,abolish-ed
abolishes,,"'bo°liśiz",,abolish-es
abolishing,,"'bo°liśiń",,abolish-ing
abolition,,"ab'li°ś'n",
abolitionism,,"ab'li°ś'niz'm",,abolition-ism
abolitionist,,"ab'li°ś'nist",,abolition-ist
abolitionists,,"ab'li°ś'n'sts",,abolitionist-s
abolla,,'bá°l'
abollae,,'bá°lë,
abomasum,,ab'mä°s'm,
abomasus,,ab'mä°s's,
abominable,,'bo°m'n'b'l
abominableness,,'bá°m'n'b'lnes,,abominable-ness
abominate,,'bá°m'nät
abomination,,"'bom'nä°ś'n",,abominate-ion
aboon,,'bü°n,
aboral,,abö°r'l,
aboriginal,,ab'ri°j'n'l,,aborigine-al
aboriginally,,ab'ri°j'n'lë,,aboriginal-ly
aborigine,,ab'ri°j'në
aborigines,,ab'ri°j'nëz,,aborigine-s
aborning,,"'bó°rniń",
abort,,'bó°rt,
aborted,,'bó°rtid,
aborticide,,'bó°rtisïd
abortifacient,,"'bórt'fä°ś'nt"
abortifacients,,"'bórt'fä°ś'nts",
aborting,,"'bó°rtiń",,abort-ing
abortion,,"'bó°rś'n",,abort-ion
abortionist,,"'bó°rś'nist",,abortion-ist
abortionists,,"'bó°rś'nists",,abortionist-s
abortions,,"'bó°rś'nz",,abortion-s
abortive,,'bó°rtiv,,abort-ive
abortively,,'bó°rtivlë,,abortive-ly
aborts,,'bó°rts,,abort-s
abortus,,'bó°rt's,
abought,,'bo°t,
aboulia,,'bü°lë'
abound,,'baú°nd,
abounded,,'baú°ndid,,abound-ed
abounding,,"'baú°ndiń",,abound-ing
abounds,,'baú°ndz,,abound-s
about,,'baú°t,
above,,'bu°v
aboveboard,,'bu°vbórd,,above-board
aboveground,,'bu°vgraúnd,,above-ground
abracadabra,,abr'k'da°br'
abradant,,'brä°d'nt
abrade,,'brä°d
Abraham,,ä°br'ham
Abram,,'bra°m
Abrams,,ä°br'mz,,Abram-s
abranchial,,"äbra°ńkë'l",
abranchiate,,"äbra°ńkëit",
abrasion,,'brä°ź'n,
abrasions,,'brä°ź'nz,,abrasion-s
abrasive,,'brä°siv,
abrasives,,'brä°sivz,,abrasive-s
abraxas,,'bra°ks's
abrazo,,ábrá°þo
abreact,,abrëa°kt
abreaction,,"abrëa°kś'n",,abreact-ion
abreast,,'bre°st,
abri,,abrë°
abridge,,'bri°j,
abridged,,'bri°jd,,abridge-ed
abridgement,,,abridgment
abridges,,'bri°j'z,,abridge-s
abridging,,"'bri°jiń",,abridge-ing
abridgment,,'bri°jm'nt,,abridge-ment
abris,,abrë°z,
abroach,,"'brö°ć",
abroad,,'bró°d,
abrogable,,a°br'g'b'l,
abrogate,,a°br'gät,
abrogated,,a°br'gätid,,abrogate-ed
abrogating,,"a°br'gätiń",,abrogate-ing
abrogation,,"abr'gä°ś'n",,abrogate-ion
abrupt,,'bru°pt
abruption,,"'bru°pś'n",,abrupt-ion
abruptly,,'bru°ptlë,,abrupt-ly
abruptness,,'bru°ptn's,,abrupt-ness
Abruzzi,,ábrü°ttsë
ABS,,a°bz
Absalom,,a°bs'l'm
abscess,,a°bses
abscind,,absi°nd
abscise,,absï°z
abscissa,,absi°s'
abscission,,absi°ź'n,
abscond,,absko°nd
absconded,,absko°nd'd,,abscond-ed
absconding,,"absko°ndiń",,abscond-ing
absconds,,absko°ndz,,abscond-s
abseil,,á°pzïl
absence,,a°bs'ns
absences,,a°bs'nsiz,,absence-s
absent,aj,a°bs'nt
absent,v,abse°nt
absentee,,abs'ntë°,,absent-ee
absenteeism,,abs'ntë°iz'm,,absentee-ism
absentees,,abs'ntë°z,,absentee-s
absently,,a°bs'ntlë,,absent-ly
absentminded,,abs'ntmï°nd'd,,absent-minded
absinth,,,absinthe
absinthe,,a°bsinþ
absinthism,,a°bsinþiz'm,,absinthe-ism
absolute,,a°bs'lüt
absolutely,,abs'lü°tlë,,absolute-ly
absoluteness,,a°bs'lütn's,,absolute-ness
absolutes,,a°bs'lüts,,absolute-s
absolution,,"abs'lü°ś'n",,absolute-ion
absolutism,,a°bs'lütiz'm,,absolute-ism
absolutist,,absilü°tist,,absolute-ist
absolutory,,absá°ly'törë,,absolute-ory
absolve,,abzo°lv
absolved,,abzo°lvd,,absolve-ed
absolves,,abzo°lvz,,absolve-s
absolving,,"abzo°lviń",,absolve-ing
absonant,,a°bs'n'nt
absorb,,absó°rb
absorbance,,absó°rb'ns
absorbed,,absó°rbd,,absorb-ed
absorbedly,,absó°rbidlë,,absorbed-ly
absorbedness,,absó°rbdnes,,absorbed-ness
absorbefacient,,"absórb'fä°ś'nt"
absorbency,,'bzó°rb'nsë
absorbent,,absó°rb'nt,,absorb-ent
absorber,,absó°rb'r,,absorb-er
absorbers,,'bzó°rb'rz,,absorber-s
absorbing,,"absó°rbiń",,absorb-ing
absorbs,,'bzó°rbz,,absorb-s
absorptance,,absó°rpt'ns
absorptiometer,,"absórpśëá°mit'r"
absorption,,"absó°rpś'n"
absorptivity,,a°bsórpti°vitë
abstain,,abstä°n
abstained,,abstä°nd,,abstain-ed
abstainer,,'bstä°n'r,,abstain-er
abstaining,,"abstä°niń",,abstain-ing
abstemious,,abstë°më's
abstemiously,,abstë°më'slë,,abstemious-ly
abstemiousness,,abstë°më'snes,,abstemious-ness
abstention,,"abste°nć'n"
abstentions,,"abste°nć'nz",,abstention-s
absterge,,absté°rj
abstergent,,absté°rj'nt,,absterge-ent
abstersion,,"absté°rś'n"
abstersive,,absté°rsiv
abstinence,,a°bst'n'ns
abstinency,,a°bstin'nsë,,abstinence-y
abstinent,,a°bstin'nt
abstract,aj,a°bstrakt
abstract,n,a°bstrakt
abstract,v,abstra°kt
abstracted,,a°bstraktid,,abstract-ed
abstractedly,,abstra°ktidlë,,abstracted-ly
abstractedness,,abstra°ktidnes,,abstracted-ness
abstraction,,"abstra°kś'n",,abstract-ion
abstractionism,,"abstra°kś'niz'm",,abstraction-ism
abstractionist,,"abstra°kś'nist",,abstraction-ist
abstractions,,"abstra°kś'nz",,abstraction-s
abstractive,,abstra°ktiv,,abstract-ive
abstractively,,abstra°ktivlë,,abstractive-ly
abstractly,,a°bstraktlë,,abstract-ly
abstractor,,'bstra°kt'r,,abstract-or
abstracts,,a°bstrakts,,abstract-s
abstriction,,"abstri°kś'n"
abstruse,,abstrü°s
abstrusely,,abstrü°slë,,abstruse-ly
abstruseness,,abstrü°snes,,abstruse-ness
absurd,,absé°rd
absurdist,,'bsé°rdist,,absurd-ist
absurdities,,'bsé°rd'tëz,,absurdity-es
absurdity,,absé°rditë,,absurd-ity
absurdly,,absé°rdlë,,absurd-ly
absurdness,,absé°rdnes,,absurd-ness
Abukir,,ábükë°r,
abulia,,'byü°lë'
abuna,,'bü°n'
abundance,,'bu°nd'ns,
abundant,,'bu°nd'nt
abundantly,,'bu°nd'ntlë,,abundant-ly
abusage,,'byü°sij,
abuse,n,'byü°s
abuse,v,'byü°z
abused,,'byü°zd,,abuse-ed
abuser,,'byü°z'r,,abuse-er
abusers,,'byü°z'rz,,abuser-s
abuses,,'byü°siz,,abuse-s
abusing,,"'byü°ziń",,abuse-ing
abusive,,'byü°siv,,abuse-ive
abusively,,'byü°sivlë,,abusive-ly
abusiveness,,'byü°sivnes,,abusive-ness
abut,,'bu°t,
abutilon,,'byü°t'lon
abutment,,'bu°tm'nt,,abut-ment
abuts,,'bu°ts,,abut-s
abuttal,,'bu°t'l,,abut-al
abuttals,,'bu°t'lz,,abuttal-s
abutted,,'bu°t'd,,abut-ed
abutter,,'bu°t'r,,abut-er
abutting,,"'bu°tiń",,abut-ing
abuzz,,'bu°z,
abvolt,,abvö°lt
abwatt,,abwá°t
aby,,'bï°,
Abydos,,'bï°dos
abye,,'bï°,
abysm,,'bi°z'm
abysmal,,'bi°zm'l,,abysm-al
abysmally,,'bi°zm'lë,,abysmal-ly
abyss,,'bi°s,
abyssal,,'bi°s'l,,abyss-al
Abyssinia,,absi°në'
Abyssinian,,absi°në'n,,Abyssinia-n
AC,,ä°së°
acacia,,"'kä°ś'"
academe,,a°k'dëm,
academia,,ak'dë°më'
academic,,ak'de°mik,,academe-ic
academical,,ak'de°mik'l,,academic-al
academically,,ak'de°miklë,,academical-ly
academician,,"ak'd'mi°ś'n",,academic-ian
academicians,,"ak'd'mi°ś'nz",,academician-s
academicism,,ak'de°misiz'm,,academic-ism
academics,,ak'de°miks,,academic-s
academies,,'ka°d'mëz,,academy-es
academism,,'ka°d'miz'm,,academe-ism
academy,,'ka°d'më,,academe-y
Acadia,,'kä°dë'
Acadian,,'kä°dë'n,,Acadia-n
acaleph,,a°k'lef
acalephae,,,acalephe
acalephe,,a°k'lëf
acantha,,oko°nð',
acanthaceous,,"ak'nþä°ś's",
acanthine,,'ka°nþin,
acanthocephalan,,'kanþ'se°f'l'n,
acanthoid,,'ka°nþoid,
acanthopterygian,,ak'nþápt'ri°jë'n
acanthous,,'ka°nþ's,
acanthus,,'ka°nþ's,
acapnia,,'ka°pnë'
acappella,,ák'pe°l'
Acapulco,,ak'pú°lkö
acariasis,,ak'rï°'sis
acaricide,,'ka°risïd
acarid,,a°k'rid,
acaridan,,'ka°rid'n,,acarid-an
acarine,,a°k'rïn
acaroid,,a°k'roid
acarology,,ak'ro°l'jë,
acarophobia,,a°k'r'fbë'
acarpelous,,äká°rp'l's,
acarpous,,äká°rp's,
acarus,,a°k'r's,
acatalectic,,äkat'le°ktik,,a-catalectic
acaudal,,äko°d'l,,a-caudal
acaudate,,äko°dät,,a-caudate
acaulescent,,akóle°s'nt,,a-caulescent
acaulous,,äkó°l's,
Accad,,a°kad
Accadian,,'kä°dë'n,,Accad-ian
accede,,aksë°d
acceded,,aksë°did,,accede-ed
accedes,,aksë°dz,,accede-s
acceding,,"aksë°diń",,accede-ing
accel,,'kse°l,
accelerando,,aksel'rá°ndö
accelerant,,akse°l'r'nt
accelerants,,akse°l'r'nts,,accelerant-s
accelerate,,akse°l'rät
accelerated,,akse°l'rätid,,accelerate-ed
accelerates,,akse°l'räts,,accelerate-s
accelerating,,"akse°l'rätiń",,accelerate-ing
acceleration,,"aksel'rä°ś'n",,accelerate-ion
accelerative,,akse°l'rätiv,,accelerate-ive
accelerator,,akse°l'rät'r,,accelerate-or
accelerators,,akse°l'rät'rz,,accelerator-s
acceleratory,,akse°l'r'törë,,accelerator-y
accelerometer,,aksel'ro°m't'r
accelerometers,,aksel'ro°m't'rz,,accelerometer-s
accent,n,a°ksent,
accent,v,akse°nt,
accented,,a°ksentid,,accent-ed
accenting,,"a°ksentiń",,accent-ing
accentor,,akse°nt'r,,accent-or
accents,,a°ksents,,accent-s
accentual,,"akse°nćü'l",,accent-ual
accentually,,"akse°nćü'lë",,accentual-ly
accentuate,,"akse°nćüät"
accentuated,,"akse°nć'wätid",,accentuate-ed
accentuates,,"akse°nćüäts",,accentuate-s
accentuating,,"akse°nć'wätiń",,accentuate-ing
accentuation,,"aksenćüä°ś'n",,accentuate-ion
accept,,akse°pt
acceptability,,'ksept'bi°litë,,accept-ability
acceptable,,akse°pt'b'l,,accept-able
acceptably,,akse°pt'blë,,acceptable-y
acceptance,,akse°pt'ns
acceptances,,akse°pt'nsiz,,acceptance-s
acceptancy,,akse°pt'nsë,,acceptance-y
acceptant,,akse°pt'nt,,accept-ant
acceptation,,"akseptä°ś'n",,accept-ation
accepted,,akse°ptid,,accept-ed
acceptedly,,akse°ptidlë,,accepted-ly
acceptee,,a°kseptë°,,accept-ee
accepter,,akse°pt'r,,accept-er
accepting,,"akse°ptiń",,accept-ing
acceptor,,akse°pt'r,,accept-or
accepts,,akse°pts,,accept-s
access,,a°kses,
accessed,,a°ksest,,access-ed
accessibility,,akses'bi°litë
accessible,,akse°s'b'l,,access-ible
accessing,,"a°ksesiń",,access-ing
accession,,"akse°ś'n",,access-ion
accessorial,,aksisö°rë'l,,accessory-al
accessories,,akse°s'rëz,,accessory-es
accessorise,,,accessorize
accessorised,,,accessorized
accessorize,,akse°s'rïz
accessorized,,akse°s'rïzd,,accessorize-ed
accessory,,akse°s'rë,
acciaccatura,,"áćák'tú°r'"
accidence,,a°ksid'ns
accident,,a°ksid'nt,
accidental,,akside°nt'l,,accident-al
accidentalism,,akside°nt'liz'm,,accidental-ism
accidentally,,akside°nt'lë,,accidental-ly
accidents,,a°ks'd'nts,,accident-s
accidie,,a°ksidë
accipiter,,aksi°pit'r
accipitrine,,aksi°pitrin
acclaim,,'klä°m
acclaimed,,'klä°md,,acclaim-ed
acclaiming,,"'klä°miń",,acclaim-ing
acclaims,,'klä°mz,,acclaim-s
acclamation,,"akl'mä°ś'n",
acclamatory,,'kla°m'törë,
acclimate,,a°kl'mät
acclimated,,a°kl'mätid,,acclimate-ed
acclimation,,"akl'mä°ś'n",,acclimate-ion
acclimatise,,,acclimatize
acclimatize,,'klï°m'tïz
acclivity,,'kli°vitë,
acclivous,,'klï°v's,
accolade,,a°k'läd
accoladed,,ak'lä°did,,accolade-ed
accolades,,a°k'lädz,,accolade-s
accommodate,,'ko°m'dät
accommodated,,'ko°m'dät'd,,accommodate-ed
accommodates,,'ko°m'däts,,accommodate-s
accommodating,,"'ko°m'dätiń",,accommodate-ing
accommodatingly,,"'ko°m'dätińlë",,accommodating-ly
accommodation,,"'kom'dä°ś'n",,accommodate-ion
accommodations,,"'kom'dä°ś'nz",,accommodation-s
accommodative,,'ko°m'dätiv,,accommodate-ive
accommodativeness,,'ko°m'dätivnes,,accommodative-ness
accompanied,,'ku°mp'nëd,,accompany-ed
accompanies,,'ku°mp'nëz,,accompany-es
accompaniment,,'ku°mpnim'nt,,accompany-ment
accompaniments,,'ku°mpnim'nts,,accompaniment-s
accompanist,,'ku°mp'nist
accompany,,'ku°mp'në
accompanying,,"'ku°mp'nëiń",,accompany-ing
accompanyist,,'ku°mp'nëist,,accompany-ist
accomplice,,'ko°mplis
accomplices,,'ko°mpl's'z,,accomplice-s
accomplish,,"'ko°mpliś",
accomplished,,"'ko°mpliśt",,accomplish-ed
accomplishes,,"'ko°mpliśiz",,accomplish-es
accomplishing,,"'ko°mpliśiń",,accomplish-ing
accomplishment,,"'ko°mpliśment",,accomplish-ment
accomplishments,,"'ko°mpliśm'nts",,accomplishment-s
accompt,,'kaú°nt
accord,,'kó°rd,
accordance,,'kó°rd'ns
accordant,,'kó°rd'nt,,accord-ant
accordantly,,'kó°rd'ntlë,,accordant-ly
accorded,,'kó°rdid,,accord-ed
according,,"'kó°rdiń",,accord-ing
accordingly,,"'kó°rdińlë",,according-ly
accordion,,'kó°rdë'n,
accordions,,'kó°rdë'nz,,accordion-s
accords,,'kó°rdz,,accord-s
accost,,'kó°st
accosted,,'ko°st'd,,accost-ed
accosting,,"'ko°stiń",,accost-ing
accouchement,,"aküśmá°ń",
accoucheur,,"aküśé°r"
accoucheuse,,"aküśé°z"
account,,'kaú°nt
accountability,,'kaú°nt'bilitë,,account-ability
accountable,,'kaú°nt'b'l,,account-able
accountableness,,'kaú°nt'b'lnes,,accountable-ness
accountancy,,'kaú°nt'nsë
accountant,,'kaú°nt'nt,,account-ant
accountants,,'kaú°nt'nts,,accountant-s
accounted,,'kaú°nt'd,,account-ed
accounting,,"'kaú°ntiń",,account-ing
accounts,,'kaú°nts,,account-s
accouplement,,'ku°p'lm'nt
accouter,,'kü°t'r,
accouterment,,'kü°t'rm'nt,,accouter-ment
accouterments,,'kü°t'rm'nts,,accouterment-s
accoutre,,,accouter
accoutrement,,,accouterment
accoutrements,,,accouterments
Accra,,a°kr'
accredit,,'kre°dit,
accreditation,,"'kred'tä°ś'n",,accredit-ation
accreditations,,"'kred'dä°ś'nz",,accreditation-s
accredited,,'kre°ditid,,accredit-ed
accrediting,,"'kre°d'tiń",,accredit-ing
accrescent,,'kre°s'nt,
accrete,,'krë°t,
accreted,,'krë°tid,,accrete-ed
accretion,,"'krë°ś'n",,accrete-ion
accroach,,"'krö°ć",
accrual,,'krü°'l
accruals,,'krü°'lz,,accrual-s
accrue,,'krü°,
accrued,,'krü°d
accrues,,'krü°z,,accrue-s
accruing,,"'krü°iń"
acculturate,,"'ku°lć'rät"
acculturation,,"'kulć'rä°ś'n",,acculturate-ion
acculturize,,"'ku°lć'rïz"
accumbent,,'ku°mb'nt,
accumulate,,'kyü°my'lät
accumulated,,'kyü°my'lätid,,accumulate-ed
accumulates,,'kyü°my'läts,,accumulate-s
accumulating,,"'kyü°my'lätiń",,accumulate-ing
accumulation,,"'kyümy'lä°ś'n",,accumulate-ion
accumulations,,"'kyümy'lä°ś'nz",,accumulation-s
accumulative,,'kyü°my'lätiv,,accumulate-ive
accumulatively,,'kyü°my'lätivlë,,accumulative-ly
accumulativeness,,'kyü°my'lätivnes,,accumulative-ness
accumulator,,'kyü°my'lät'r,,accumulate-or
accumulators,,'kyü°my'lät'rz,,accumulator-s
accuracies,,a°ky'r'sëz,,accuracy-es
accuracy,,a°ky'r'së,
accurate,,a°ky'r't
accurately,,a°ky'r'tlë,,accurate-ly
accurateness,,a°ky'ritnes,,accurate-ness
accursed,,'ké°rsid,
accursedly,,'ké°rsidlë,,accursed-ly
accusal,,'kyü°z'l,,accuse-al
accusation,,"akyüzä°ś'n",,accuse-ation
accusations,,"akyüzä°ś'nz",,accusation-s
accusatival,,'kyüz'tï°v'l,,accusative-al
accusative,,'kyü°z'tiv,
accusatively,,'kyü°z'tivlë,,accusative-ly
accusatorial,,'kyüz'tö°rë'l,,accusatory-al
accusatorially,,'kyüz'tö°rë'lë,,accusatorial-ly
accusatory,,'kyü°z'tórë,,accuse-atory
accuse,,'kyü°z,
accused,,'kyü°zd,,accuse-ed
accuser,,'kyü°z'r,,accuse-er
accusers,,'kyü°z'rz,,accuser-s
accuses,,'kyü°ziz,,accuse-s
accusing,,"'kyü°ziń",,accuse-ing
accusingly,,"'kyü°zińlë",,accusing-ly
accustom,,'ku°st'm,
accustomed,,'ku°st'md,,accustom-ed
accustomedness,,'ku°st'mdnes,,accustomed-ness
Accutane,,a°kyütän
ace,,ä°s
aced,,ä°st,,ace-ed
acedia,,'së°dë'
Aceldama,,'se°ld'm'
acellular,,äse°lyúl'r,,a-cellular
acentric,,äse°ntrik,,a-centric
acephalous,,äse°f'l's,,a-cephalous
acequia,,'sä°ky'
Acer,,ä°s'r
acerate,,a°s'rä°t,
acerb,,'sé°rb
acerbate,aj,'sé°rbit,,acerb-ate
acerbate,v,a°s'rbät,,acerb-ate
acerbic,,'se°rbik,,acerb-ic
acerbity,,'sé°rbitë,,acerb-ity
acerose,,a°s'rös,
acerous,,äsë°r's,
acervate,,'sé°rvit
acervately,,'sé°rvitlë,,acervate-ly
acervulus,,'sé°rvy'l's
aces,,ä°siz,,ace-s
acescent,,'se°s'nt,
acetabulum,,asita°by'l'm
acetal,,a°sital,
acetaldehyde,,asita°ld'hïd
acetamid,,asita°mid,
acetamide,,asita°mïd,
acetaminophen,,ásëtámi°nöf'n,
acetanilid,,asita°n'lid
acetanilide,,asita°n'lïd
acetate,,a°s'tät
acetazolamide,,asit'zö°l'mïd
acetic,,'së°tik,
acetify,,'se°t'fï
acetin,,a°sitin,
acetometer,,asito°mit'r,
acetone,,a°s'tön,
acetonic,,asito°nik,,acetone-ic
acetonitrile,,asitönï°tril,
acetophenetidin,,asitöf'ne°tidin,
acetose,,a°sitös
acetous,,a°sit's,
acetum,,'së°t'm,
acetyl,,'së°t'l
acetylate,,'se°t'lät,,acetyl-ate
acetylcholine,,'sët'lkö°lën,,acetyl-choline
acetylene,,'se°t'lën
acetylenic,,'set'le°nik,,acetylene-ic
acetylic,,asiti°lik,,acetyl-ic
acetylide,,'se°t'lïd,,acetyl-ide
Acevedo,,as'vä°dö
Achaea,,'kë°'
Achaean,,"'ćë°'n",,Achaea-n
Achaemenian,,ak'më°në'n
Achaemenid,,'kë°m'nid
Achaian,,'kä°'n
achalasia,,ak'lä°ź'
Achates,,'kä°tëz
ache,,ä°k
Achebe,,"oćä°bë"
ached,,ä°kt,,ache-ed
Achelous,,ak'lö°'s
achene,,äkë°n
achenial,,äke°në'l,,achene-ial
Achernar,,ä°k'rnár
Acheron,,a°k'ron
aches,,ä°ks,,ache-s
Acheson,,"a°ć's'n"
Acheulean,,"'śü°lë'n"
Acheulian,,"'śü°lë'n"
achievable,,"'ćë°v'b'l",,achieve-able
achieve,,"'ćë°v",
achieved,,"'ćë°vd",,achieve-ed
achievement,,"'ćë°vm'nt",,achieve-ment
achievements,,"'ćë°vm'nts",,achievement-s
achiever,,"'ćë°v'r",,achieve-er
achievers,,"'ćë°v'rz",,achiever-s
achieves,,"'ćë°vz",,achieve-s
achieving,,"'ćë°viń",,achieve-ing
achillea,,akilë°',
Achillean,,ak'lë°'n
Achilles,,'ki°lëz
achimenes,,'ki°m'nëz,
aching,,"ä°kiń",,ache-ing
achingly,,"ä°kińlë",,aching-ly
achiral,,äkï°'r'l,,a-chiral
Achitophel,,'ki°t'fel
achkan,,"a°ćk'n"
achlamydeous,,akl'mi°dë's,,a-chlamydeous
achlorhydria,,äklörhï°drë'
acholia,,äkö°lë'
achondrite,,äká°ndrït,,a-chondrite
achondritic,,äkándri°tik,,achondrite-ic
achondroplasia,,äkándr'plä°ź'
achondroplastic,,äkándr'pla°stik,
achromat,,a°kr'mat,
achromatic,,akr'ma°tik,,achromat-ic
achromaticity,,akröm'ti°sitë,,achromatic-ity
achromatin,,äkrö°m'tin,,a-chromatin
achromatise,,,achromatize
achromatism,,äkrö°m'tiz'm,,achromat-ism
achromatize,,äkrö°m'tïz
achromatous,,äkrö°m't's,,achromat-ous
achromic,,äkrö°mik,,a-chromic
Achromycin,,akrömï°sin
achy,,ä°kë,,ache-y
acicula,,'si°ky'l'
acicular,,'si°ky'l'r
aciculate,,'si°ky'lit
aciculum,,'si°ky'l'm
acid,,a°sid
acidaemia,,,acidemia
acidanthera,,asida°nþ'r'
acidemia,,asidë°më'
acidic,,'si°dik,,acid-ic
acidification,,"'sid'f'kä°ś'n",,acidify-cation
acidified,,'si°d'fïd,,acidify-ed
acidifies,,'si°d'fïz,,acidify-es
acidify,,'si°d'fï,,acid-ify
acidimeter,,asidi°mit'r
acidimetric,,asid'me°trik,
acidimetry,,asidi°mitrë,
acidity,,'si°ditë,,acid-ity
acidly,,a°sidlë,,acid-ly
acidophil,,a°sidöfil
acidophile,,a°sidöfïl
acidophilic,,asidöfi°lik,,acidophil-ic
acidosis,,asidö°sis
acidotic,,asido°tik,
acids,,a°s'dz,,acid-s
acidulant,,'si°j'l'nt
acidulate,,'si°j'lät
acidulent,,'si°j'l'nt
acidulous,,'si°j'l's
aciduria,,as'dú°rë'
acidy,,a°sidë,,acid-y
acierate,,a°së'rät
aciform,,a°s'fórm
acinaceous,,"as'nä°ś's",
acinaciform,,as'na°s'fórm
acinic,,'si°nik,
aciniform,,'si°n'fórm
acinose,,a°s'nös
acinous,,a°s'n's,
acinus,,a°s'n's
Acis,,ä°sis
acknowledge,,akno°lij
acknowledgeable,,akno°lij'b'l,,acknowledge-able
acknowledged,,akno°lijd,,acknowledge-ed
acknowledgement,,,acknowledgment
acknowledges,,akno°lijiz,,acknowledge-s
acknowledging,,"akno°lijiń",,acknowledge-ing
acknowledgment,,akno°lijm'nt,,acknowledge-ment
acmatic,,akma°tik
acme,,a°kmë
acmite,,a°kmït
acne,,a°knë
acnode,,a°knöd
acock,,'ko°k,
acockbill,,'ko°kbil,,a-cockbill
acoelomate,,äsë°l'mät,,a-coelomate
acoelous,,äsë°l's
acoemeti,,ákë°mëtë
acold,,'kö°ld,,a-cold
acolyte,,a°k'lït
acolytes,,a°k'lïts,,acolyte-s
Aconcagua,,ákönká°gwá
aconite,,a°k'nït
aconitic,,ak'ni°tik,,aconite-ic
aconitine,,'ko°nitën
acorn,,ä°kórn,
acorns,,ä°kórnz,,acorn-s
acosmism,,äko°zmiz'm,,a-cosmism
Acosta,,'kó°st'
acotyledon,,äkot'lë°d'n,,a-cotyledon
acoustic,,'kü°stik
acoustical,,'kü°stik'l,,acoustic-al
acoustically,,'kü°stiklë,,acoustical-ly
acoustician,,"akústi°ś'n",,acoustic-ian
acoustics,,'kü°stiks,,acoustic-s
acquaint,,'kwä°nt
acquaintance,,'kwä°nt'ns
acquaintances,,'kwä°nt'nsiz,,acquaintance-s
acquaintanceship,,"'kwä°nt'nsśip",,acquaintance-ship
acquainted,,'kwä°ntid,,acquaint-ed
acquest,,'kwe°st
acquiesce,,akwëe°s
acquiesced,,akwëe°st,,acquiesce-ed
acquiescence,,akwëe°s'ns
acquiescent,,akwëe°s'nt,,acquiesce-ent
acquiescing,,"akwëe°siń",,acquiesce-ing
acquire,,'kwï°'r
acquired,,'kwï°'rd,,acquire-ed
acquirement,,'kwï°'rm'nt,,acquire-ment
acquirer,,'kwï°'r'r,,acquire-er
acquirers,,'kwï°'r'rz,,acquirer-s
acquires,,'kwï°'rz,,acquire-s
acquiring,,"'kwï°riń",,acquire-ing
acquisition,,"akwizi°ś'n"
acquisitions,,"akw'zi°ś'nz",,acquisition-s
acquisitive,,'kwi°zitiv
acquisitively,,'kwi°zitivlë,,acquisitive-ly
acquisitiveness,,'kwi°zitivnes,,acquisitive-ness
acquit,,'kwi°t
acquits,,'kwi°ts,,acquit-s
acquittal,,'kwi°t'l,,acquit-al
acquittals,,'kwi°t'lz,,acquittal-s
acquittance,,'kwi°t'ns
acquitted,,'kwi°t'd,,acquit-ed
acquitting,,"'kwi°tiń",,acquit-ing
acre,,ä°k'r
acreage,,ä°k'rij,
acred,,ä°k'rd,,acre-ed
acres,,ä°k'rz,,acre-s
acrid,,a°krid
acridine,,a°kridën
acridity,,'kri°ditë,,acrid-ity
acridly,,a°kridlë,,acrid-ly
acridness,,a°kridnes,,acrid-ness
acriflavine,,akr'flä°vin
Acrilan,,a°kr'lan
acrimonious,,akr'mö°në's,,acrimony-ous
acrimoniously,,akr'mö°në'slë,,acrimonious-ly
acrimoniousness,,akr'mö°në'snes,,acrimonious-ness
acrimony,,a°krimönë,
acrobat,,a°kr'bat
acrobatic,,akr'ba°tik,,acrobat-ic
acrobatically,,akr'ba°tik'lë,,acrobatic-ally
acrobatics,,akr'ba°tiks,,acrobatic-s
acrobats,,a°kr'bats,,acrobat-s
acrocarpous,,akr'ká°rp's
acrocephalic,,akrös'fa°lik
acrocephaly,,akr'se°f'lë
acrodont,,a°kr'dont
acrodrome,,a°kr'dröm
acrogen,,a°kr'j'n
acrogenous,,'kro°j'n's,,acrogen-ous
acrogenously,,'kro°j'n'slë,,acrogenous-ly
acrolein,,a°krölën
acrolith,,a°kr'liþ
acromegalic,,akröm'ga°lik
acromegaly,,akr'me°g'lë
acromion,,'krö°më'n
acron,,a°kron,
acronal,,a°kr'n'l,,acron-al
acronical,,'kro°nik'l,,acron-ic-al
acronym,,a°kr'nim
acronymous,,'kro°n'm's,,acronym-ous
acronyms,,a°kr'nimz,,acronym-s
acropetal,,'kro°pit'l
acropetally,,'kro°pit'lë,,acropetal-ly
acrophobia,,akr'fö°bë'
acrophonetic,,akr'f'ne°tik,
acrophony,,'kro°f'në,
Acropolis,,'kro°p'lis
acrospire,,a°kr'spï'r
across,,'kró°s,
acrostic,,'kro°stik
acroter,,a°kr't'r
acroterion,,akr'të°rëán,
acroterium,,akr'të°rë'm
acrotic,,'kro°tik
acrotism,,a°kr'tiz'm
Acrux,,ä°kr'ks
acrylate,,a°kr'lät,
acrylic,,'kri°lik,
acrylics,,'kri°liks,,acrylic-s
acrylonitrile,,akr'lönï°tril,
acrylyl,,a°kr'lil
act,,a°kt
acta,,a°kt'
actable,,a°kt'b'l,,act-able
Actaeon,,aktë°'n
acted,,a°kt'd,,act-ed
actin,,a°kt'n,
actinal,,a°kt'n'l,,actin-al
actinally,,a°kt'n'lë,,actinal-ly
acting,,"a°ktiń",,act-ing
actinia,,akti°në'
actinian,,akti°në'n,,actinia-n
actinic,,akti°nik,,actin-ic
actinide,,a°ktinïd,,actin-ide
actiniform,,akti°n'fórm
actinism,,a°kt'niz'm,,actin-ism
actinium,,akti°në'm
actinobacillosis,,akt'nöbas'lö°sis
actinobacillus,,akt'nöb'si°l's
actinochemistry,,akt'nöke°mistrë,
actinoid,,a°kt'noid
actinolite,,akti°n'lït
actinology,,akt'no°l'jë,,actin-ology
actinometer,,akt'no°mit'r
actinometric,,akt'nöme°trik
actinomorphic,,akt'nömó°rfik
actinomyces,,akt'nömï°sëz
actinomycete,,akt'nömïsë°t
actinomycosis,,akti°nömï°kö°sis
actinomycotic,,akt'nömïko°tik
actinon,,a°kt'non,
actinopod,,akti°n'pád,
actinotherapy,,akt'nöþe°r'pë,
actinouranium,,akt'nöyúrä°në'm
actinozoan,,akt'n'zö°'n
action,,"a°kś'n",,act-ion
actionable,,"a°kś'n'b'l",,action-able
actions,,"a°kś'nz",,action-s
Actium,,a°ktë'm
Activase,,a°ktiväz
activate,,a°kt'vät
activated,,a°ktivätid,,activate-ed
activates,,a°kt'väts,,activate-s
activating,,"a°kt'vätiń",,activate-ing
activation,,"akt'vä°ś'n",,activate-ion
activator,,a°kt'vät'r,,activate-or
active,,a°ktiv,,act-ive
actively,,a°ktivlë,,active-ly
actives,,a°ktivz,,active-s
activism,,a°ktiviz'm,,active-ism
activist,,a°ktivist,,active-ist
activists,,a°ktivists,,activist-s
activities,,akti°vitëz,,activity-es
activity,,akti°vitë,,active-ity
activize,,a°kt'vïz
actomyosin,,akt'mï°'sin
Acton,,a°kt'n
actor,,a°kt'r,,act-or
actors,,a°kt'rz,,actor-s
actress,,a°ktr's,
actresses,,a°ktr'siz,,actress-es
acts,,a°kts,,act-s
actual,,"a°kćü'l",
actualise,,,actualize
actuality,,"akćüa°litë",,actual-ity
actualize,,"a°kćü'lïz"
actually,,"a°kćü'lë",,actual-ly
actuarial,,"akćüä°rë'l",
actuarially,,"akćüä°rë'lë",,actuarial-ly
actuaries,,"a°kćüe°rëz",,actuary-es
actuary,,"a°kćüe°rë"
actuate,,"a°kćüä°t"
actuator,,a°ktyüät'r,,actuate-or
actuators,,a°ktyüät'rz,,actuator-s
acuate,,a°kyüit
Acuff,,'ku°f
acuity,,'kyü°itë
aculeate,,'kyü°lëit
aculeus,,'kyü°lë's
acumen,,'kyü°m'n,
acuminate,aj,'kyü°m'nit,
acuminate,v,'kyü°m'nät,
acuminous,,'kyü°m'n's,
acupuncture,n,"a°kyúpuńkć'r"
acupuncture,v,"akyúpu°ńkć'r"
acutance,,'kyü°t'ns
acute,,'kyü°t,
acutely,,'kyü°tlë,,acute-ly
acuteness,,'kyü°tn's,,acute-ness
acyclic,,äsï°klik,,a-cyclic
acyclovir,,'si°klövir
acyl,,a°sil
acylate,,a°s'lät,,acyl-ate
acyloin,,'si°löin,
ad,,a°d
Ada,,ä°d'
adactylous,,äda°kt'l's,
adage,,a°dij,
adagial,,'dä°jë'l,,adage-ial
adagietto,,'dájëe°tö
adagio,,'dá°jö,
Adam,,a°d'm
adamant,,a°d'm'nt,
adamantine,,ad'ma°ntin
adamantly,,a°d'm'ntlë,,adamant-ly
Adamic,,'da°mik,,Adam-ic
Adamical,,'da°mik'l,,Adamic-al
Adamite,,a°d'mït,
Adamitic,,ad'mi°tik,,Adamite-ic
Adams,,a°d'mz,,Adam-s
adamsite,,a°d'mzït,
Adan,,ä°d'n,
Adana,,á°dáná°
Adapa,,á°dápá°
adapt,,'da°pt,
adaptability,,'dapt'bi°l'të,,adapt-ability
adaptable,,'da°pt'b'l,,adapt-able
adaptableness,,'da°pt'b'lnes,,adaptable-ness
adaptation,,"ad'ptä°ś'n",,adapt-ation
adaptations,,"adaptä°ś'nz",,adaptation-s
adapted,,'da°pt'd,,adapt-ed
adapter,,'da°pt'r,,adapt-er
adapters,,'da°pt'rz,,adapter-s
adapting,,"'da°ptiń",,adapt-ing
adaption,,"'da°pś'n",,adapt-ion
adaptive,,'da°ptiv,,adapt-ive
adaptively,,'da°ptivlë,,adaptive-ly
adaptiveness,,'da°ptivnes,,adaptive-ness
adaptor,,,adapter
adaptors,,,adapters
adapts,,'da°pts,,adapt-s
Adar,,'dá°r
adarbitrium,,ádárbi°trëúm
Adas,,ä°d'z,,Ada-s
adaxial,,ada°ksë'l,
add,,a°d
Addams,,a°d'mz
addax,,a°daks,
added,,a°d'd,,add-ed
addend,,a°dend,
addendum,,'de°nd'm,
adder,,a°d'r,,add-er
Adderley,,'dé°rlë
addict,n,a°dikt
addict,v,'di°kt
addicted,,'di°ktid,,addict-ed
addictedness,,'di°ktidnes,,addicted-ness
addicting,,"'di°ktiń",,addict-ing
addiction,,"'di°kś'n",,addict-ion
addictions,,"'di°kś'nz",,addiction-s
addictive,,'di°ktiv,,addict-ive
addicts,,a°dikts,,addict-s
Addie,,a°dë
adding,,"a°diń",,add-ing
Addington,,"a°dińt'n"
Addison,,a°dis'n
Addisonian,,adisö°në'n,,Addison-ian
additament,,'di°t'm'nt,
addition,,"'di°ś'n",,add-ition
additional,,"'di°ś'n'l",,addition-al
additionally,,"'di°ś'n'lë",,additional-ly
additions,,"'di°ś'nz",,addition-s
additive,,a°ditiv,,add-itive
additively,,a°ditivlë,,additive-ly
additives,,a°ditivz,,additive-s
additory,,a°ditörë,
addle,,a°d'l
addlebrained,,a°d'lbränd,,addle-brained
addled,,a°d'ld,,addle-ed
addlepated,,a°d'lpätid,
addorsed,,'dó°rst,
address,n,a°dres,
address,v,'dre°s,
addressable,,'dre°s'b'l,,address-able
addressed,,'dre°st,,address-ed
addressee,,adresë°,,address-ee
addresses,,a°dre°siz,,address-es
addressing,,"'dre°siń",,address-ing
Addressograph,,'dre°s'graf
adds,,a°dz,,add-s
adduce,,'dü°s,
adducent,,'dü°s'nt,,adduce-ent
adduct,,a°d'kt,
adduction,,"'du°kś'n",,adduct-ion
adductor,,'du°kt'r,,adduct-or
Adela,,'de°l'
Adelaide,,a°d'läd,
adelantado,,ad'lántá°dö
Adele,,'de°l
Adeline,,a°d'lïn
ademption,,"'de°mpś'n",
Aden,,ä°d'n
Adenauer,,ä°d'naúr
adenectomy,,ad'ne°kt'më
adenine,,a°d'nin,
adenitis,,ad'nï°tis
adenocarcinoma,,a°d'nökárs'nö°m'
adenocarcinomatous,,a°d'nökárs'no°m't's,
adenoid,,a°d'noid
adenoidectomy,,ad'noide°kt'më
adenoids,,a°d'noidz,,adenoid-s
adenoma,,ad'nö°m',
adenomatous,,ad'no°m't's,
adenosine,,'de°n'sën
adenovirus,,ad'növï°r's
adept,aj,'de°pt
adept,n,a°dept
adequacy,,a°d'kw'së
adequate,,a°d'kwät,
adequately,,a°d'kwitlë,,adequate-ly
adequateness,,a°d'kwitnes,,adequate-ness
adermin,,ädé°rmin,
adessive,,ade°siv,
adhere,,adhë°r,
adhered,,adhi°rd,,adhere-ed
adherence,,adhë°r'ns
adherend,,adhë°r'nd,
adherent,,adhë°r'nt,,adhere-ent
adherently,,adhë°r'ntlë,,adherent-ly
adherents,,adhi°r'nts,,adherent-s
adheres,,'dhi°rz,,adhere-s
adhering,,"'dhi°riń",,adhere-ing
adhesion,,adhë°ź'n
adhesive,,adhë°siv
adhesively,,adhë°sivlë,,adhesive-ly
adhesives,,adhë°sivz,,adhesive-s
adhibit,,adhi°bit,
adhibition,,"adh'bi°ś'n",,adhibit-ion
adiabatic,,adë'ba°tik
adiaphorism,,adëa°f'riz'm
adiaphorous,,adëa°f'r's
Adidas,,'dë°d's
adieu,,'dü°
Adige,,á°dëje
Adigranth,,á°digrunt
adios,,adëö°s,
adipocere,,a°d'pösër
adipose,,a°d'pös,
adiposity,,adu°pásitë,,adipose-ity
Adirondack,,ad'ro°ndak
adit,,a°dit,
adjacency,,'jä°s'nsë
adjacent,,'jä°s'nt
adjacently,,'jä°s'ntlë,,adjacent-ly
adjectival,,ajiktï°v'l,,adjective-al
adjectivally,,ajiktï°v'lë,,adjectival-ly
adjective,,a°jiktiv
adjectively,,a°jiktivlë,,adjective-ly
adjectives,,a°jiktivz,,adjective-s
adjoin,,'joi°n,
adjoining,,"'joi°niń",,adjoin-ing
adjoins,,'joi°nz,,adjoin-s
adjoint,,'joi°nt,
adjourn,,'jé°rn
adjourned,,'jé°rnd,,adjourn-ed
adjourning,,"'jé°rniń",,adjourn-ing
adjournment,,'jé°rnm'nt,,adjourn-ment
adjourns,,'jé°rnz,,adjourn-s
adjudge,,'ju°j,
adjudged,,'ju°jd,,adjudge-ed
adjudicate,,'jü°dikät
adjudicated,,'jü°d'kätid,,adjudicate-ed
adjudicating,,"'jü°dikätiń",,adjudicate-ing
adjudication,,"'jüd'kä°ś'n",,adjudicate-ion
adjudicative,,'jü°d'kätiv,,adjudicate-ive
adjunct,,"a°juńkt"
adjunction,,"'ju°ńkś'n",,adjunct-ion
adjunctive,,"'ju°ńktiv",,adjunct-ive
adjunctively,,"'ju°ńktivlë",,adjunctive-ly
adjunctly,,"a°j'ńktlë",,adjunct-ly
adjuncts,,"a°juńkts",,adjunct-s
adjuratory,,'jú°r'törë,,adjure-atory
adjure,,'jú°r,
adjust,,'ju°st,
adjustable,,'ju°st'b'l,,adjust-able
adjusted,,'ju°st'd,,adjust-ed
adjuster,,'ju°st'r,,adjust-er
adjusters,,'ju°st'rz,,adjuster-s
adjusting,,"'ju°stiń",,adjust-ing
adjustment,,'ju°stm'nt,,adjust-ment
adjustmental,,'j'stme°nt'l,,adjustment-al
adjustments,,'ju°stm'nts,,adjustment-s
adjusts,,'ju°sts,,adjust-s
adjutage,,a°jútij,
adjutant,,a°j't'nt,
adjuvant,,a°j'v'nt
Adkins,,a°dkinz
Adler,,a°dl'r
Adlerian,,adlë°rë'n,,Adler-ian
adman,,a°dman,,ad-man
admass,,a°dmas,
admeasure,,adme°ź'r,
admeasurement,,adme°ź'rm'nt,,admeasure-ment
admen,,a°dm'n,,ad-men
Admetus,,admë°t's
admin,,a°dmin,
adminicle,,admi°nik'l
adminicular,,admini°kyúl'r
administer,,admi°nist'r,
administered,,'dmi°n'st'rd,,administer-ed
administering,,"admi°nist'riń",,administer-ing
administers,,admi°nist'rz,,administer-s
administrant,,admi°nistr'nt,
administrate,,admi°nisträt
administrating,,"'dmi°n'strätiń",,administrate-ing
administration,,"administrä°ś'n",,administrate-ion
administrations,,"administrä°ś'nz",,administration-s
administrative,,admi°nisträtiv,,administrate-ive
administratively,,admi°nisträtivlë,,administrative-ly
administrator,,admi°nisträt'r,,administrate-or
administrators,,admi°nisträt'rz,,administrator-s
administratrix,,administrä°triks
admirable,,a°dm'r'b'l,,admire-able
admirableness,,a°dm'r'b'lnes,,admirable-ness
admirably,,a°dm'r'blë,,admirable-y
admiral,,a°dm'r'l,
admirals,,a°dm'r'lz,,admiral-s
admiralty,,a°dm'r'ltë,,admiral-ty
admiration,,"adm'rä°ś'n",,admire-ation
admirations,,"adm'rä°ś'nz",,admiration-s
admirative,,admï°r'tiv,,admire-ative
admire,,admï°r,
admired,,'dmï°'rd,,admire-ed
admirer,,admï°r'r,,admire-er
admirers,,'dmï°r'rz,,admirer-s
admires,,admï°rz,,admire-s
admiring,,"admï°riń",,admire-ing
admiringly,,"admï°rińlë",,admiring-ly
admissibility,,'dmis'bi°l'të
admissible,,admi°s'b'l,
admissibleness,,admi°s'b'lnes,,admissible-ness
admission,,"admi°ś'n",
admissions,,"admi°ś'nz",,admission-s
admissive,,admi°siv,
admit,,admi°t,
admits,,'dmi°ts,,admit-s
admittance,,admi°t'ns
admitted,,'dmi°t'd,,admit-ed
admittedly,,admi°tidlë,,admitted-ly
admitting,,"admi°tiń",,admit-ing
admix,,admi°ks,
admixture,,"admi°ksć'r",
admonish,,"admo°niś",
admonished,,"'dmo°niśt",,admonish-ed
admonishes,,"admo°niśiz",,admonish-es
admonishing,,"admo°niśiń",,admonish-ing
admonishment,,"admo°niśment",,admonish-ment
admonition,,"adm'ni°ś'n",
admonitions,,"adm'ni°ś'nz",,admonition-s
admonitor,,admo°nit'r,
admonitory,,admo°nitörë,,admonitor-y
adnate,,a°dnät
adnation,,"adnä°ś'n",,adnate-ion
adnominal,,adno°min'l,
ado,,'dü°,
adobe,,'dö°bë,
adolescence,,ad'le°s'ns
adolescent,,ad'le°s'nt,
adolescently,,ad'le°s'ntlë,,adolescent-ly
adolescents,,adöle°s'nts,,adolescent-s
Adolf,,ä°dolf
Adolfo,,áðo°lfo
Adolph,,ä°dólf
Adonai,,ádönï°
Adonic,,'do°nik
Adonis,,'do°nis
adopt,,'do°pt,
adoptable,,'do°pt'b'l,,adopt-able
adopted,,'do°pt'd,,adopt-ed
adoptee,,'do°ptë°,,adopt-ee
adoptees,,'do°ptë°z,,adoptee-s
adopter,,'do°pt'r,,adopt-er
adopters,,'do°pt'rz,,adopter-s
adopting,,"'do°ptiń",,adopt-ing
adoption,,"'do°pś'n",,adopt-ion
adoptions,,"'do°pś'nz",,adoption-s
adoptive,,'do°ptiv,,adopt-ive
adopts,,'do°pts,,adopt-s
adorable,,'dó°r'b'l,,adore-able
adorableness,,'dö°r'b'lnes,,adorable-ness
adoration,,"ad'rä°ś'n",,adore-ation
adore,,'dó°r,
adored,,'dó°rd,,adore-ed
adorer,,'dö°r'r,,adore-er
adores,,'dó°rz,,adore-s
adoring,,"'dó°riń",,adore-ing
adorn,,'dó°rn,,adore-n
adorned,,'dó°rnd,,adorn-ed
adorning,,"'dó°rniń",,adorn-ing
adornment,,'dó°rnm'nt,,adorn-ment
adorns,,'dó°rnz,,adorn-s
Adowa,,á°dúwá
adown,,'daú°n,
Adrastus,,'dra°st's
adrenal,,'drë°n'l,
adrenalectomy,,'drën'le°kt'më
adrenalin,,'dre°n'lin,
adrenaline,,'dre°n'lin
adrenocorticotrophic,,'drë°nökórt'kötro°fik
adrenocorticotrophin,,'drën'körtik'tro°fin
adrenocorticotropic,,'drë°nökórt'kötro°pik
Adrian,,ä°drë'n
Adriana,,ädrëa°n'
Adrianople,,ädrë'nö°p'l
Adriatic,,ädrëa°tik
Adrienne,,ä°drëen
adrift,,'dri°ft,
adroit,,'droi°t,
adroitly,,'droi°tlë,,adroit-ly
adroitness,,'droi°tnes,,adroit-ness
ads,,a°dz,,ad-s
adscititious,,"adsiti°ś's"
adscititiously,,"adsiti°ś'slë",,adscititious-ly
adscript,,a°dskript,
adscription,,"adskri°pś'n",,adscript-ion
adsorb,,adsó°rb,
adsorbate,,adsó°rbät,,adsorb-ate
adsorption,,"adsó°rpś'n",
adsum,,á°dsúm,
adularia,,aj'lä°rë'
adulate,,a°j'lät
adulation,,"aj'lä°ś'n",,adulate-ion
adulatory,,a°j'l'törë,,adulate-ory
adult,,'du°lt
adulterant,,'du°lt'r'nt
adulterate,aj,'du°lt'rit
adulterate,v,'du°lt'rät
adulterated,,'du°lt'rätid,,adulterate-ed
adulterates,,'du°lt'räts,,adulterate-s
adulteration,,"'dult'rä°ś'n",,adulterate-ion
adulterer,,'du°lt'r'r,
adulterers,,'du°lt'r'rz,,adulterer-s
adulteress,,'du°lt'ris,
adulterine,,'du°lt'rin
adulterous,,'du°lt'r's,
adultery,,'du°lt'rë,
adulthood,,'du°lthúd,,adult-hood
adults,,'du°lts,,adult-s
adumbral,,adu°mbr'l,
adumbrate,,adu°mbrät,
adumbrative,,adu°mbr'tiv,,adumbrate-ive
adumbratively,,adu°mbr'tivlë,,adumbrative-ly
adunc,,"'du°ńk",
aduncity,,'du°nsitë,,adunc-ity
adust,,'du°st,
Aduwa,,á°dúwá
advance,,adva°ns
advanced,,adva°nst,,advance-ed
advancement,,adva°nsm'nt,,advance-ment
advancements,,'dva°nsm'nts,,advancement-s
advancer,,adva°ns'r,,advance-er
advancers,,'dva°ns'rz,,advancer-s
advances,,'dva°ns'z,,advance-s
advancing,,"'dva°nsiń",,advance-ing
advantage,,adva°ntij,
advantaged,,adva°ntijd,,advantage-ed
advantageous,,adv'ntä°j's,,advantage-ous
advantageously,,adv'ntä°j'slë,,advantageous-ly
advantageousness,,adv'ntä°j'snes,,advantageous-ness
advantages,,adva°ntijiz,,advantage-s
advection,,"adve°kś'n"
advent,,a°dvent,
Adventist,,a°dventist
Adventists,,a°dventists,,Adventist-s
adventitia,,"adventi°śë'"
adventitious,,"adv'nti°ś's",
adventitiously,,"adv'nti°ś'slë",,adventitious-ly
adventitiousness,,"adv'nti°ś'snes",,adventitious-ness
adventive,,adve°ntiv,,advent-ive
adventively,,adve°ntivlë,,adventive-ly
adventure,,"adve°nć'r",
adventurer,,"adve°nć'r'r",,adventure-er
adventurers,,"adve°nć'r'rz",,adventurer-s
adventures,,"adve°nć'rz",,adventure-s
adventuresome,,"adve°nć'rs'm",,adventure-some
adventuresomely,,"adve°nć'rs'mlë",,adventuresome-ly
adventuresomeness,,"adve°nć'rs'mnes",,adventuresome-ness
adventuress,,"adve°nć'ris",,adventure-ess
adventurism,,"adve°nć'riz'm",,adventure-ism
adventurous,,"adve°nć'r's",,adventure-ous
adventurously,,"adve°nć'r'slë",,adventurous-ly
adventurousness,,"adve°nć'r'snes",,adventurous-ness
adverb,,a°dvérb,
adverbial,,advé°rbë'l,,adverb-ial
adverbially,,advé°rbë'lë,,adverbial-ly
adverbs,,a°dv'rbz,,adverb-s
adversaria,,ádwersá°riá,
adversarial,,adv'rse°rë'l,,adversary-al
adversaries,,a°dv'rserëz,,adversary-es
adversary,,a°dv'rserë,
adversative,,advé°rs'tiv,,adverse-ative
adverse,,advé°rs,
adversely,,advé°rslë,,adverse-ly
adverseness,,advé°rsnes,,adverse-ness
adversity,,advé°rsitë,,adverse-ity
advert,,a°dv'rt,
advertent,,advé°rt'nt,
advertently,,advé°rt'ntlë,,advertent-ly
advertise,,a°dv'rtïz
advertised,,a°dv'rtïzd,,advertise-ed
advertisement,,adv'rtï°zm'nt,,advertise-ment
advertisements,,a°dv'rtïzm'nts,,advertisement-s
advertiser,,a°dv'rtïz'r,,advertise-er
advertisers,,a°dv'rtïz'rz,,advertiser-s
advertises,,a°dv'rtïziz,,advertise-s
advertising,,"a°dv'rtïziń",,advertise-ing
advertorial,,adv'rtó°rë'l,
advertorials,,adv'rtó°rë'lz,,advertorial-s
advice,,advï°s,
Advil,,a°dvil
advisability,,advïz'bi°litë,
advisable,,advï°z'b'l,,advise-able
advisableness,,advï°z'b'lnes,,advisable-ness
advise,,advï°z,
advised,,advï°zd,,advise-ed
advisedly,,advï°z'dlë,,advised-ly
advisedness,,advï°zidnis,,advised-ness
advisee,,'dvïzë°,
advisement,,advï°zm'nt,,advise-ment
adviser,,advï°z'r,,advise-er
advisers,,advï°z'rz,,adviser-s
advises,,advï°ziz,,advise-s
advising,,"advï°ziń",,advise-ing
advisories,,'dvï°z'rëz,,advisory-es
advisory,,advï°z'rë,,advise-ory
advocaat,,advöká°t
advocacy,,a°dv'k'së
advocate,n,a°dv'k't,
advocate,v,a°dv'kät,
advocated,,a°dv'kät'd,,advocate-ed
advocates,,a°dv'käts,,advocate-s
advocating,,"a°dv'kätiń",,advocate-ing
advocation,,"adv'kä°ś'n",,advocate-ion
advocatory,,advá°k'törë,,advocate-ory
advowson,,advaú°z'n,
adynamia,,ad'nä°më'
adynamic,,ad'na°mik,,a-dynamic
adytum,,a°dit'm
adze,,a°dz
ae,,ä°
aecial,,"ë°śë'l"
aecidia,,ësi°dë'
aecidium,,ësi°dë'm
aeciospore,,ë°së'spör
aecium,,"ë°śë'm"
aedes,,äë°dëz,
aedile,,ë°dïl
Aegaeon,,ijë°án
Aegean,,ijë°'n
aeger,,,eger
Aegeus,,ë°jë's
Aegina,,ijï°n'
Aeginetan,,ëj'në°t'n
Aegir,,e°jir
aegirine,,ä°g'rën
aegirite,,ä°g'rït
aegis,,ë°jis
Aegisthus,,iji°sþ's
Aegospotami,,ëg'spá°t'mï
aegrotat,,ë°grötat,
Aegyptus,,ëji°pt's
Aelfric,,a°lfrik
Aeneas,,a°në's
Aeneid,,'në°id
Aeneolithic,,äënëöli°þik
aeneous,,äë°në's,
Aeolian,,ëö°lë'n
Aeolic,,ëá°lik
Aeolis,,ë°'lis
aeolotropy,,ë'lo°tr'pë
Aeolus,,ë°'l's
aeon,,,eon
aeonian,,,eonian
aeonism,,,eonism
aeons,,,eons
aepyornis,,ëpëó°rnis
aerate,,ä°rät,
aerator,,ä°rät'r,,aerate-or
aerenchyma,,"äre°ńk'm'"
aerial,,ä°rë'l,
aerialist,,ä°rë'list,,aerial-ist
aeriality,,ärëa°litë,,aerial-ity
aerials,,ä°rë'lz,,aerial-s
aeric,,,eric
aerie,,ä°rë
aerification,,"är'f'kä°ś'n",,aerify-cation
aeriform,,ä°r'fórm
aerify,,ä°r'fï,
aero,,ä°rö
aeroballistics,,äröb'li°stiks,,aero-ballistics
aerobatic,,är'ba°tik,
aerobatics,,är'ba°tiks,,aerobatic-s
aerobe,,ä°röb,
aerobic,,ärö°bik,,aerobe-ic
aerobically,,ärö°biklë,,aerobic-ally
aerobics,,ärö°biks,,aerobic-s
aerobiology,,äröbïá°l'jë,,aero-biology
aerobiosis,,äröbïö°sis,,aero-biosis
aerobiotic,,äröbïá°tik,,aero-biotic
aerobium,,ärö°bë'm
aerodonetics,,äröd'ne°tiks,
aerodontia,,"är'do°nć'"
aerodrome,,ä°r'dröm,,aero-drome
aerodromes,,ä°r'drömz,,aerodrome-s
aerodynamic,,ärödïna°mik,,aero-dynamic
aerodynamically,,ärödïna°miklë,,aerodynamic-ally
aerodynamicist,,ärödïna°misist,,aerodynamic-ist
aerodynamicists,,ärödïna°misists,,aerodynamicist-s
aerodynamics,,ärödïna°miks,,aerodynamic-s
aerodyne,,ä°r'dïn,,aero-dyne
aeroelastic,,äröila°stik,,aero-elastic
aeroelasticity,,äröilasti°sitë,,aeroelastic-ity
aeroembolism,,äröe°mb'liz'm,,aero-embolism
Aeroflot,,ä°röflot
aerofoil,,,airfoil
aerofoils,,,airfoils
aerogram,,ä°r'gram,,aero-gram
aerograph,,ä°r'graf,,aero-graph
aerographic,,är'gra°fik,,aerograph-ic
aerography,,äro°gr'fë,,aerograph-y
aerolite,,ä°r'lït,,aero-lite
aerolitic,,är'li°tik,,aerolite-ic
aerologic,,är'lo°jik,,aero-logic
aerology,,äro°l'jë,,aero-logy
aeromancy,,ä°r'mansë,
aeromarine,,äröm'rë°n,,aero-marine
aeromechanic,,äröm'ka°nik,,aero-mechanic
aeromechanics,,äröm'ka°niks,,aeromechanic-s
aeromedical,,är'me°dik'l,,aero-medical
aeromedicine,,är'me°dis'n,,aero-medicine
aerometeorograph,,är'më°të'r'graf,,aero-meteorograph
aerometer,,äro°mit'r,,aero-meter
aerometry,,äro°mitrë,
aeronaut,,ä°r'not
aeronautic,,äröno°t'k,,aeronaut-ic
aeronautical,,äröno°t'k'l,,aeronautic-al
aeronautics,,är'nó°tiks,,aeronautic-s
aeroneurosis,,ärönúrö°sis,,aero-neurosis
aeronomy,,äro°n'më,
aeropause,,ä°r'poz,,aero-pause
aerophagia,,är'fä°j'
aerophobia,,är'fö°bë',,aero-phobia
aerophobic,,är'fö°bik,,aero-phobic
aerophone,,ä°r'fön,,aero-phone
aerophore,,ä°r'för
aerophyte,,ä°r'fït
aeroplane,,,airplane
aeroplanes,,,airplanes
aeroplankton,,"äröpla°ńkt'n",,aero-plankton
aeros,,,eros
aeroscope,,ä°r'sköp,,aero-scope
aerose,,,erose
aerosol,,ä°r'sol
aerosols,,ä°r'solz,,aerosol-s
aerospace,,ä°röspäs,,aero-space
aerosphere,,ä°r'sfër,,aero-sphere
aerostat,,ä°röstat,,aero-stat
aerostatic,,är'sta°tik,,aerostat-ic
aerostatics,,är'sta°tiks,,aerostatic-s
aerostation,,"är'stä°ś'n",,aero-station
aerostats,,ä°röstats,,aerostat-s
aerotherapeutics,,äröþer'pyü°tiks,,aero-therapeutics
aerothermodynamics,,äröþérmödïna°miks,,aero-thermodynamics
aerotrain,,ä°röträn,,aero-train
aerotropic,,är'tro°pik,,aero-tropic
aerotropism,,äro°tr'piz'm,,aero-tropism
Aeschines,,e°sk'nëz
Aeschylean,,esk'lë°'n
Aeschylus,,e°sk'l's
Aesculapian,,esky'lä°pë'n
Aesculapius,,esky'lä°pë's
aesculin,,,esculin
Aesir,,e°sir
Aesop,,ë°sop
Aesopic,,ësá°pik,,Aesop-ic
aesthesia,,,esthesia
aesthesis,,,esthesis
aesthete,,e°sþët
aesthetes,,e°sþëts,,aesthete-s
aesthetic,,esþe°tik,,aesthete-ic
aesthetical,,,esthetical
aesthetically,,esþe°tiklë,,esthetical-ly
aesthetician,,,esthetician
aestheticism,,esþe°tisiz'm,,aesthetic-ism
aesthetics,,esþe°tiks,,aesthetic-s
aestival,,,estival
aestivate,,,estivate
aestivation,,,estivation
aet,,,et
aether,,ë°þ'r,
aetheric,,,etheric
aetiological,,ëtë'lo°jik'l,
aetiologically,,,etiologically
aetiology,,,etiology
Aetna,,e°tn'
Aetolia,,ëtö°lë'
afar,,'fá°r,
afeard,,'fë°rd
afebrile,,äfë°br'l,,a-febrile
aff,,a°f
affable,,a°f'b'l,
affably,,a°f'blë,,affable-y
affair,,'fä°r,
affaire,,afe°r
affairs,,'fe°rz,,affair-s
affect,n,a°fekt
affect,v,'fe°kt
affectation,,"afektä°ś'n",,affect-ation
affected,,'fe°ktid,,affect-ed
affectedly,,'fe°ktidlë,,affected-ly
affectedness,,'fe°ktidnes,,affected-ness
affecting,,"'fe°ktiń",,affect-ing
affectingly,,"'fe°ktińlë",,affecting-ly
affection,,"'fe°kś'n",,affect-ion
affectional,,"'fe°kś'n'l",,affection-al
affectionate,,"'fe°kś'nit",,affection-ate
affectionately,,"'fe°kś'n'tlë",,affectionate-ly
affections,,"'fe°kś'nz",,affection-s
affective,,'fe°ktiv,,affect-ive
affectively,,'fe°ktivlë,,affective-ly
affectivity,,afekti°vitë,,affective-ity
affects,,'fe°kts,,affect-s
affenpinscher,,"a°f'npinś'r"
afferent,,a°f'r'nt,
affettuoso,,"afećüö°sö"
affiance,,'fï°'ns
affianced,,'fï°'nst,,affiance-ed
affiant,,a°fë'nt
affiche,,"afë°ś"
affiches,,"afë°ś",,affiche-s
affidavit,,afidä°vit
affidavits,,afidä°vits,,affidavit-s
affiliable,,'fi°lë'b'l
affiliate,n,'fi°lëit
affiliate,v,'fi°lëät
affiliated,,'fi°lëät'd,,affiliate-ed
affiliates,,'fi°lëäts,,affiliate-s
affiliating,,"'fi°lëätiń",,affiliate-ing
affiliation,,"'filëä°ś'n",,affiliate-ion
affiliations,,"'filëä°ś'nz",,affiliation-s
affinal,,afï°n'l,,affine-al
affine,,afï°n
affined,,'fï°nd,,affine-ed
affinely,,afï°nlë,,affine-ly
affines,,'fï°nz,,affine-s
affinities,,'fi°n'tëz,,affinity-es
affinitive,,'fi°nitiv,,affine-itive
affinity,,'fi°nitë,,affine-ity
affirm,,'fé°rm
affirmance,,'fé°rm'ns
affirmant,,'fé°rm'nt,,affirm-ant
affirmation,,"af'rmä°ś'n",,affirm-ation
affirmations,,"af'rmä°ś'nz",,affirmation-s
affirmative,,'fé°rm'tiv,,affirm-ative
affirmatively,,'fé°rm'tivlë,,affirmative-ly
affirmatory,,'fé°rm'törë,,affirm-atory
affirmed,,'fé°rmd,,affirm-ed
affirming,,"'fé°rmiń",,affirm-ing
affirms,,'fé°rmz,,affirm-s
affix,n,a°fiks
affix,v,'fi°ks
affixation,,"afiksä°ś'n",,affix-ation
affixed,,'fi°kst,,affix-ed
affixes,,a°fiksiz,,affix-es
affixial,,afi°ksë'l,,affix-ial
affixing,,"'fi°ksiń",,affix-ing
afflated,,'flä°tid,
afflatus,,'flä°t's,
afflict,,'fli°kt
afflicted,,'fli°kt'd,,afflict-ed
afflicting,,"'fli°ktiń",,afflict-ing
affliction,,"'fli°kś'n",,afflict-ion
afflictions,,"'fli°kś'nz",,affliction-s
afflictive,,'fli°ktiv,,afflict-ive
afflicts,,'fli°kts,,afflict-s
affluence,,a°flü'ns
affluent,,a°flü'nt
affluently,,a°flü'ntlë,,affluent-ly
afflux,,a°fl'ks,
afford,,'fó°rd,
affordability,,'fórd'bi°l'të,,afford-ability
affordable,,'fó°rd'b'l,,afford-able
affordably,,'fó°rd'blë,,affordable-y
afforded,,'fó°rd'd,,afford-ed
affording,,"'fó°rdiń",,afford-ing
affords,,'fó°rdz,,afford-s
afforest,,'fo°rist,
affranchise,,"'fra°nćïz"
affray,,'frä°,
affrayer,,'frä°'r,,affray-er
affricate,,a°fr'k't
affricates,,a°fr'k'ts,,affricate-s
affrication,,"afr'kä°ś'n",,affricate-ion
affricative,,'fri°k'tiv,,affricate-ive
affright,,'frï°t,
affront,,'fru°nt
affronte,,afr'ntä°
affronted,,'fru°ntid,,affront-ed
affronting,,"'fru°ntiń",,affront-ing
affrontive,,'fru°ntiv,,affront-ive
affronts,,'fru°nts,,affront-s
affusion,,'fyü°ź'n,
Afghan,,a°fgan
afghani,,afga°në
afghanis,,afga°nëz,,afghani-s
Afghanistan,,afga°nistan,
Afghans,,a°fganz,,Afghan-s
aficionada,,"'fiśy'ná°d'"
aficionado,,"'fiśy'ná°dö"
aficionados,,"'fiś'no°döz",,aficionado-s
afield,,'fë°ld,
afikomen,,áfëkö°m'n
afire,,'fï°r,
aflame,,'flä°m,
aflatoxin,,afl'to°ksin
afloat,,'flö°t,
aflutter,,'flu°t'r,
afoot,,'fú°t,
afore,,'fö°r,
aforementioned,,"'fó°rmenś'nd",,afore-mentioned
aforesaid,,'fó°rsed,,afore-said
aforethought,,'fó°rþot,,afore-thought
aforetime,,'fö°rtïm,,afore-time
afoul,,'faú°l,
afraid,,'frä°d
afreet,,a°frët,
afresh,,"'fre°ś",
Africa,,a°frik'
African,,a°frik'n,,Africa-n
Africana,,afrëká°n'
Africander,,afrika°nd'r,
Africanise,,,Africanize
Africanised,,,Africanized
Africanist,,a°frik'nist,,African-ist
Africanize,,a°frik'nïz
Africanized,,a°fr'k'nïzd,,Africanize-ed
Africans,,a°frik'nz,,African-s
Afrikaans,,afriká°ns
Afrikander,,afr'ka°nd'r
Afrikaner,,afr'ká°n'r
Afrikanerdom,,afr'ko°n'rd'm,
Afrikaners,,afriko°n'rz,,Afrikaner-s
afrit,,a°frët,
Afro,,a°frö
Afrocentric,,a°fröse°ntrik,,Afro-centric
afrormosia,,afrörmö°zë'
aft,,a°ft
after,,a°ft'r,
afterbirth,,a°ft'rbérþ,,after-birth
afterbody,,a°ft'rbádë,,after-body
afterbrain,,a°ft'rbrän,,after-brain
afterburner,,a°ft'rbérn'r,,after-burner
afterburners,,a°ft'rbérn'rz,,afterburner-s
afterburning,,"a°ft'rbérniń",,after-burning
aftercare,,a°ft'rkär,,after-care
afterclap,,a°ft'rklap,,after-clap
afterdamp,,a°ft'rdamp,,after-damp
afterdeck,,a°ft'rdek,,after-deck
aftereffect,,a°ft'r'fekt,,after-effect
aftereffects,,a°ft'r'fekts,,aftereffect-s
afterglow,,a°ft'rglö,,after-glow
afterglows,,a°ft'rglöz,,afterglow-s
aftergrowth,,a°ft'rgröþ,,after-growth
afterguard,,a°ft'rgárd,,after-guard
afterheat,,a°ft'rhët,,after-heat
afterhours,,a°ft'rhaú'rz,,after-hours
afterimage,,a°ft'rimij,,after-image
afterimages,,a°ft'rimij'z,,afterimage-s
afterlife,,a°ft'rlïf,,after-life
afterlives,,a°ft'rlïvz,,after-lives
aftermarket,,a°ft'rmorkit,,after-market
aftermarkets,,a°ft'rmorkits,,aftermarket-s
aftermath,,a°ft'rmaþ,
aftermaths,,a°ft'rmaþs,,aftermath-s
aftermost,,a°ft'rmöst,,after-most
afternoon,,aft'rnü°n,,after-noon
afternoons,,aft'rnü°nz,,afternoon-s
afterpains,,a°ft'pänz,,after-pains
afterpiece,,a°ft'rpës,,after-piece
afters,,a°ft'z,,after-s
aftersensation,,"a°ft'rsensäś'n",,after-sensation
aftershaft,,"a°ft'rśaft",,after-shaft
aftershave,,"aft'rśä°v",,after-shave
aftershaves,,"aft'rśä°vz",,aftershave-s
aftershock,,"a°ft'rśok",,after-shock
aftershocks,,"a°ft'rśoks",,aftershock-s
aftertaste,,a°ft'rtäst,,after-taste
aftertastes,,a°ft'rtästs,,aftertaste-s
aftertax,,a°ft'rtaks,,after-tax
afterthought,,a°ft'rþot,,after-thought
afterthoughts,,a°ft'rþots,,afterthought-s
aftertime,,a°ft'rtïm,,after-time
afterward,,a°ft'rw'rd,
afterwards,,a°ft'rw'rdz,
afterword,,a°ft'rwérd,,after-word
afterworld,,a°ft'rwérld,,after-world
afteryears,,a°ft'ryërz,,after-years
aftmost,,a°ftmöst,,aft-most
Ag,,a°g
aga,,á°g'
Agadir,,ágádë°r,
again,,'ge°n,
against,,'ge°nst
agalloch,,'ga°l'k,
agalmatolite,,ag'lma°t'lït
agalwood,,a°g'lwúd,
agama,,a°g'm'
Agamemnon,,ag'me°mnon
agamete,,äga°mët,,a-gamete
agamic,,'ga°mik,,a-gamic
agamid,,a°g'mid,
agammaglobulinemia,,ägam'globy'l'nu°më'
agamogenesis,,ag'möje°nisis,,a-gamogenesis
agamous,,a°g'm's,
agamy,,a°g'më,
Agana,,'go°n'
agapanthus,,ag'pa°nþ's,
agape,,ágá°pä,
agar,,á°gár,
agaric,,a°g'rik,,agar-ic
Agassi,,a°g'së
Agassiz,,'ga°siz,
agate,,a°g't,
agates,,a°g'ts,,agate-s
agateware,,a°gitwär,,agate-ware
Agatha,,a°g'þ',
agatise,,,agatize
agatize,,a°g'tïz
agave,,'gä°vë,
agaze,,'gä°z,
age,,ä°j
aged,,ä°jid,,age-ed
agedly,,ä°jidlë,,aged-ly
agedness,,ä°jidnes,,aged-ness
agee,,ä°jë°,
ageing,,,aging
ageism,,ä°jiz'm,,age-ism
ageless,,ä°jl's,,age-less
agelessness,,ä°jlisnes,,ageless-ness
agelong,,"ä°jloń",,age-long
agencies,,ä°j'nsëz,,agency-es
agency,,ä°j'nsë
agenda,,'je°nd'
agendas,,'je°nd'z,,agenda-s
agendum,,'je°nd'm
agenesis,,äje°nisis,,a-genesis
agenetic,,äj'ne°tik,,a-genetic
agent,,ä°j'nt,
agential,,"äje°nś'l",,agent-ial
agentival,,äj'ntï°v'l,,agentive-al
agentive,,ä°j'ntiv,,agent-ive
agents,,ä°j'nts,,agent-s
ager,,ä°j'r,,age-er
ageratum,,aj'rä°t'm,
agers,,ä°j'rz,,ager-s
ages,,ä°j'z,,age-s
Aggada,,ágádá°
Aggadah,,ágádá°,
Aggadic,,'ga°dik,
agger,,a°j'r
Aggie,,a°gë,
Aggies,,a°gëz,,Aggie-s
aggiornamento,,ádjórnáme°nto
agglomerate,,'glo°m'rät
agglomeration,,"'glom'rä°ś'n",,agglomerate-ion
agglomerative,,'glo°m'rätiv,,agglomerate-ive
agglutinability,,'glüt'n'bi°litë
agglutinant,,'glü°t'n'nt
agglutinate,aj,'glü°t'nit
agglutinate,v,'glü°t'nät
agglutinating,,"'glü°t'nätiń",,agglutinate-ing
agglutination,,"'glüt'nä°ś'n",,agglutinate-ion
agglutinative,,'glü°t'nätiv,,agglutinate-ive
agglutinin,,'glü°t'nin
agglutinogen,,aglúti°n'j'n
agglutinogenic,,aglútin'ge°nik,,agglutinogen-ic
aggradation,,"agr'dä°ś'n",,aggrade-ation
aggrade,,'grä°d
aggrandise,,,aggrandize
aggrandisement,,,aggrandizement
aggrandising,,,aggrandizing
aggrandize,,'gra°ndïz
aggrandizement,,a°gr'ndïzm'nt,,aggrandize-ment
aggrandizing,,"'gra°ndïziń",,aggrandize-ing
aggravate,,a°gr'vät
aggravated,,a°gr'vät'd,,aggravate-ed
aggravates,,a°gr'väts,,aggravate-s
aggravating,,"a°gr'vätiń",,aggravate-ing
aggravation,,"agr'vä°ś'n",,aggravate-ion
aggregate,,a°gr'gät
aggregated,,a°gr'gät'd,,aggregate-ed
aggregates,,a°gr'gäts,,aggregate-s
aggregation,,"agr'gä°ś'n",,aggregate-ion
aggress,,'gre°s,
aggression,,"'gre°ś'n",,aggress-ion
aggressions,,"'gre°ś'nz",,aggression-s
aggressive,,'gre°siv,,aggress-ive
aggressively,,'gre°sivlë,,aggressive-ly
aggressiveness,,'gre°sivn's,,aggressive-ness
aggressivity,,'gresi°vitë,,aggressive-ity
aggressor,,'gre°s'r,,aggress-or
aggressors,,'gre°s'rz,,aggressor-s
aggrieve,,'grë°v
aggrieved,,'grë°vd,,aggrieve-ed
aggrievedly,,'grë°vidlë,,aggrieved-ly
aggrievedness,,'grë°vdnes,,aggrieved-ness
aggro,,a°grö
agha,,á°g'
aghast,,'ga°st,
agile,,a°j'l
agilely,,a°j'lë,
agileness,,a°j'lnes,,agile-ness
agility,,'ji°litë,,agile-ity
agin,,ojë°n,
Agincourt,,a°jinkört,
aging,,"ä°jiń",,age-ing
agio,,a°jëö
agiotage,,a°jë'tij
agist,,'ji°st
agister,,'ji°st'r,,agist-er
agistment,,'ji°stm'nt,,agist-ment
agitable,,a°jit'b'l,
agitate,,a°jität,
agitated,,a°j'tät'd,,agitate-ed
agitating,,"a°j'tätiń",,agitate-ing
agitation,,"ajitä°ś'n",,agitate-ion
agitato,,ajitá°tö
agitator,,a°jität'r,,agitate-or
agitators,,a°jität'rz,,agitator-s
agitprop,,a°jitprop,
Aglaia,,'glä°'
agleam,,'glë°m,
aglet,,a°glit
agley,,'glë°,
aglimmer,,'gli°m'r,
aglitter,,'gli°t'r,
aglossia,,'glo°së'
aglow,,'glö°,
agly,,'glë°,
aglycon,,'glï°kon,
aglycone,,'glï°kön,
agma,,a°gm'
agminate,,a°gm'nit
agnail,,a°gnäl
agnate,,a°gnät
agnation,,"agnä°ś'n",,agnate-ion
Agnes,,a°gnis,
Agnew,,a°gnü,
Agni,,a°gnë
agnise,,,agnize
agnize,,agnï°z
agnomen,,agnö°m'n,
agnominal,,agno°m'n'l
agnosia,,agnö°ź'
agnostic,,agno°stik
agnosticism,,agno°stisiz'm,,agnostic-ism
agnostics,,agno°stiks,,agnostic-s
ago,,'gö°,
agog,,'go°g
agogics,,'gá°jiks,
agon,,a°gön,
agonal,,a°g'n'l,,agon-al
agone,,'go°n,
agones,,'gö°nëz,,agon-es
agonic,,ägá°nik,,agon-ic
agonies,,a°g'nëz,,agony-es
agonise,,,agonize
agonised,,,agonized
agonisedly,,,agonizedly
agonises,,,agonizes
agonising,,,agonizing
agonisingly,,,agonizingly
agonist,,a°g'nist,,agon-ist
agonistic,,ag'ni°stik,,agonist-ic
agonists,,a°g'nists,,agonist-s
agonize,,a°g'nïz
agonized,,a°g'nïzd,,agonize-ed
agonizedly,,a°g'nïzidlë,,agonized-ly
agonizes,,a°g'nïziz,,agonize-s
agonizing,,"a°g'nïziń",,agonize-ing
agonizingly,,"a°g'nïzińlë",,agonizing-ly
agony,,a°g'në,
agora,,a°g'r'
agoraphobe,,a°g'r'föb
agoraphobia,,'gór'fö°bë',,agora-phobia
agoroth,,ágö°röt
agouta,,'gü°t',
agouti,,'gü°të,
agouty,,'gü°të,
Agra,,a°gr'
agrafe,,'gra°f
agraffe,,'gra°f
Agram,,á°grám,
agranulocytosis,,'grany'lösïtö°sis
agrapha,,a°gr'f'
agraphia,,ägra°fë'
agrarian,,'grä°rë'n,
agrarianism,,'gre°rë'niz'm,,agrarian-ism
agravic,,'gra°vik,
agre,,,ager
agree,,'grë°,
agreeable,,'grë°'b'l,,agree-able
agreed,,'grë°d,
agreeing,,"'grë°iń",,agree-ing
agreement,,'grë°m'nt,,agree-ment
agreements,,'grë°m'nts,,agreement-s
agrees,,'grë°z,,agree-s
agrege,,ágreźä°
agremens,,"agrämá°ń",
agrement,,ágrämá°nt,
agrestic,,'gre°stik,
agribusiness,,a°gr'bizn's
Agricola,,agrikö°l'
agricultural,,"agriku°lć'r'l",,agriculture-al
agriculturalist,,"agr'ku°lć'r'list",,agricultural-ist
agriculturally,,"agriku°lć'r'lë",,agricultural-ly
agriculture,,"a°grikulć'r"
agriculturist,,"agr'ku°lć'rist",,agriculture-ist
Agrigento,,ágrëje°nto
agrimony,,a°gr'mönë
agriology,,agrëá°l'jë
Agrippa,,'gri°p'
Agrippina,,agr'pï°n',
agrobiologic,,agröbï'lo°jik,
agrobiology,,agröbïá°l'jë,
agrochemical,,agröke°mik'l,
agrochemicals,,agröke°mik'lz,,agrochemical-s
agroindustrial,,agröidu°strë'l,
agrologic,,agr'lo°jik,
agrology,,'gro°l'jë,
agronomic,,agr'no°mik
agronomical,,agr'no°mik'l,,agronomic-al
agronomically,,agr'no°mik'lë,,agronomical-ly
agronomics,,agr'no°miks,,agronomic-s
agronomist,,'gro°n'mist
agronomists,,'gro°n'mists,,agronomist-s
agronomy,,'gro°n'më
agrostology,,agr'sto°l'jë
aground,,'graú°nd,
aguacate,,a°gw'kät
Aguascalientes,,ogw'skalye°ntes
ague,,ä°gyü,
agueweed,,ä°gyüwëd,,ague-weed
Aguilar,,a°g'lor
Aguinaldo,,ágëná°ldo
Aguirre,,ogwi°rä
aguish,,"ä°gyüiś"
aguishly,,"ä°gyüiślë",,aguish-ly
Agulhas,,'gu°l's
Agustin,,ágüstë°n,
ah,,á°
aha,,áhá°,
Ahab,,ä°hab
Ahasuerus,,"'haś'we°r's"
ahchoo,,"áćü°"
ahead,,'he°d,
ahem,,'he°m,
ahh,,o°
ahimsa,,'hi°msá
ahistoric,,ähisto°rik,,a-historic
Ahithophel,,'hi°þ'fel
Ahmad,,o°mod
Ahmed,,o°med
Ahmednagar,,ám'dnu°g'r,
ahold,,'hö°ld,
aholds,,'hö°ldz,,ahold-s
ahorse,,'hó°rs,
ahoy,,'hoi°,
Ahriman,,á°rim'n
ahs,,o°z,,ah-s
ahull,,'hu°l,
ahungered,,"'hu°ńg'rd",
Ahvenanmaa,,á°kvenánmá
Ahwaz,,áwá°z
AI,,ä°ï°
aias,,ä°yas
aiblins,,ä°blinz,
aid,,ä°d,
Aida,,áë°d'
aide,,ä°d,
aided,,ä°d'd,,aid-ed
aides,,ä°dz,,aide-s
aiding,,"ä°diń",,aid-ing
Aidoneus,,äidö°në's
aidos,,ï°dos,
aids,,ä°dz,,aid-s
aiglet,,ä°glit
aigrette,,ä°gret
aiguille,,ägwë°l
aiguillette,,ägwile°t
Aiken,,ä°kin
aikido,,ï°këdo
ail,,ä°l
ailanthus,,äla°nþ's
Aileen,,ïlë°n
aileron,,ä°l'ron
ailerons,,ä°l'ronz,,aileron-s
ailette,,äle°t
ailing,,"ä°liń",,ail-ing
ailment,,ä°lm'nt,,ail-ment
ailments,,ä°lm'nts,,ailment-s
ails,,ä°lz,,ail-s
ailurophile,,älú°r'fïl
ailurophilia,,ïlúr'fi°lë'
ailurophilic,,ïlúr'fi°lik,,ailurophile-ic
ailurophobe,,ïlú°r'föb
ailurophobia,,ïlúr'fö°bë'
aim,,ä°m
aimed,,ä°md,,aim-ed
Aimee,,ä°më°
aiming,,"ä°miń",,aim-ing
aimless,,ä°ml's,,aim-less
aimlessly,,ä°ml'slë,,aimless-ly
aimlessness,,ä°mlisnes,,aimless-ness
aims,,ä°mz,,aim-s
Ain,,"a°ń"
ain't,,ä°nt
aine,,ä°n
Aintab,,ïntá°b,
Ainu,,ï°nü
air,,ä°r,
airbag,,ä°rbag,,air-bag
airbags,,ä°rbagz,,airbag-s
airbase,,ä°rbäs,,air-base
airbases,,ä°rbäsis,,airbase-s
airboat,,ä°rböt,,air-boat
airboats,,ä°rböts,,airboat-s
airborne,,ä°rbórn,,air-borne
airbrush,,"ä°rbruś",,air-brush
airburst,,ä°rbérst,,air-burst
airbus,,ä°rb's,,air-bus
aircondition,,"ä°rk'ndiś'n",,air-condition
airconditioned,,"ä°rk'ndiś'nd",,aircondition-ed
airconditioning,,"ä°rk'ndiś'niń",,aircondition-ing
airconditions,,"ä°rk'ndiś'nz",,aircondition-s
aircraft,,ä°rkraft,,air-craft
aircraftman,,ä°rkraftm'n,,aircraft-man
aircraftsman,,ä°rkraftsm'n,,air-crafts-man
aircraftswoman,,ä°rkraftswúm'n,,air-crafts-woman
aircraftwoman,,ä°rkraftwúm'n,,aircraft-woman
aircrew,,ä°rkrü,,air-crew
aircrewman,,ä°rkrüm'n,,aircrew-man
Airdrie,,ä°rdrë
airdrome,,ä°rdröm,,air-drome
airdrop,,ä°rdrop,,air-drop
airdrops,,ä°rdrops,,airdrop-s
aired,,ä°rd,,air-ed
Airedale,,ä°rdäl
Airedales,,ä°rdälz,,Airedale-s
airer,,ä°r'r,,air-er
airfare,,ä°rfer,,air-fare
airfares,,ä°rferz,,airfare-s
airfield,,ä°rfëld,,air-field
airfields,,ä°rfëldz,,airfield-s
airflow,,ä°rflö,,air-flow
airflows,,ä°rflöz,,airflow-s
airfoil,,ä°rfoil,,air-foil
airfoils,,ä°rfoilz,,airfoil-s
airforce,,ä°rfórs,,air-force
airframe,,ä°rfräm,,air-frame
airframes,,ä°rfrämz,,airframe-s
airfreight,,ä°rfrät,,air-freight
airglow,,ä°rglö,,air-glow
airgraph,,ä°rgraf,,air-graph
airhead,,ä°rhed,,air-head
airily,,ä°r'lë,,airy-ly
airing,,"ä°riń",,air-ing
airless,,ä°rl's,,air-less
airlift,,ä°rlift,,air-lift
airlifted,,ä°rliftid,,airlift-ed
airlifting,,"ä°rliftiń",,airlift-ing
airlifts,,ä°rlifts,,airlift-s
airlike,,ä°rlïk,,air-like
airline,,ä°rlïn,,air-line
airliner,,ä°rlïn'r,,airline-er
airliners,,ä°rlïn'rz,,airliner-s
airlines,,ä°rlïnz,,airline-s
airlock,,ä°rlók,,air-lock
airlocks,,ä°rlóks,,airlock-s
airmail,,ä°rmäl,,air-mail
airman,,ä°rm'n,,air-man
airmen,,ä°rmen,,air-men
airmobile,,ärmö°bïl,,air-mobile
airplane,,ä°rplän,,air-plane
airplanes,,ä°rplänz,,airplane-s
airplay,,ä°rplä,,air-play
airport,,ä°rpórt,,air-port
airports,,ä°rpórts,,airport-s
airpost,,ärpö°st,,air-post
airpower,,ä°rpaú'r,,air-power
airproof,,ä°rprüf,,air-proof
airs,,ä°rz,,air-s
airscrew,,ä°rskrü,,air-screw
airship,,"ä°rśip",,air-ship
airships,,"ä°rśips",,airship-s
airsick,,ä°rsik,,air-sick
airsickness,,ä°rsiknes,,airsick-ness
airspace,,ä°rspäs,,air-space
airspaces,,ä°rspäsiz,,airspace-s
airspeed,,ä°rspëd,,air-speed
airstrike,,ä°rstrïk,,air-strike
airstrikes,,ä°rstrïks,,airstrike-s
airstrip,,ä°rstrip,,air-strip
airstrips,,ä°rstrips,,airstrip-s
airt,,ä°rt
airth,,ä°rþ,
airtight,,ä°rtït,,air-tight
airtightness,,ä°rtïtnes,,airtight-ness
airtime,,ä°rtïm,,air-time
airwave,,ä°rwäv,,air-wave
airwaves,,ä°rwävz,,airwave-s
airway,,ä°rwä,,air-way
airways,,ä°rwäz,,airway-s
airwoman,,ä°rwúm'n,,air-woman
airworthiness,,ä°rwérðën's,,airworthy-ness
airworthy,,ä°rwérðë,,air-worthy
airy,,ä°rë,,air-y
AIs,,ï°z,,AI-s
Aisha,,"á°ëśá"
aisle,,ï°l,
aisles,,ï°lz,,aisle-s
aisling,,"ä°sliń",,aisle-ing
Aisne,,ä°n
ait,,ä°t,
aitch,,"ä°ć",
aitchbone,,"ä°ćbön",
Aitken,,ï°tk'n
Ajaccio,,"áyá°tćo"
ajar,,'já°r,
Ajax,,ä°jaks
ajee,,'jë°,
ajiva,,'jë°v',
Ajmer,,'jmë°r
ajuga,,a°j'g'
aka,,ä°kä°ä°
Akbar,,a°kbár
ake,,ä°k
akee,,'kë°
akela,,'kë°l'
akene,,äkë°n
Akihito,,ákë°hëto°
akimbo,,'ki°mbö
akin,,'ki°n,
akinesia,,äkinë°ź'
akinetic,,äkine°tik,,a-kinetic
Akita,,á°këtá°
Akiva,,'kë°v'
Akkad,,a°kad
Akkadian,,'kä°dë'n,,Akkad-ian
Akkerman,,á°k'rmán
Akmolinsk,,a°kmölinsk
Akron,,a°kr'n
Aksum,,á°ksúm
AL,,a°l
Ala,,á°lá
Alabama,,al'ba°m'
Alabaman,,al'ba°m'n,,Alabama-n
Alabamans,,al'ba°m'nz,,Alabaman-s
Alabamian,,al'ba°më'n,
alabamine,,al'ba°mën,
alabandite,,al'ba°ndït
alabaster,,a°l'bast'r,
alabastrine,,al'ba°strin
alack,,'la°k,
alackaday,,'la°k'dä,
alacrity,,'la°kritë
Aladdin,,'la°din
alae,,ä°lë
Alagez,,al'gyo°s
Alagoas,,ál'gö°'s,
alalia,,'lä°lë'
alameda,,al'më°d'
Alamein,,a°l'män,
Alamo,,a°l'mö
Alamogordo,,al'm'gó°rdö,
alamos,,a°l'möz,
Alan,,a°l'n,
Alana,,ola°n'
aland,,a°l'nd,
alane,,'lä°n,
alanine,,a°l'nën
alapa,,'la°p'
Alar,,a°lár
Alaric,,a°l'rik,
alarm,,'lá°rm
alarmed,,'lo°rmd,,alarm-ed
alarmedly,,'lá°rmidlë,,alarmed-ly
alarming,,"'lo°rmiń",,alarm-ing
alarmingly,,"'lo°rmińlë",,alarming-ly
alarmist,,'lá°rmist,,alarm-ist
alarmists,,'lo°rmists,,alarmist-s
alarms,,'lo°rmz,,alarm-s
alary,,ä°l'rë,
alas,,'la°s,
Alaska,,'la°sk'
Alaskan,,'la°sk'n,,Alaska-n
Alaskans,,'la°sk'nz,,Alaskan-s
alastor,,'la°st'r,
alastrim,,a°l'strim,
alate,,ä°lät,
alb,,a°lb,
Alba,,a°lb'
Albacete,,ölváþä°tä
albacore,,a°lb'kór
Albania,,albä°në'
Albanian,,albä°në'n,,Albania-n
Albanians,,albä°në'nz,,Albanian-s
Albany,,á°lb'në,
albarello,,alb're°lö
albata,,albä°t'
albatross,,a°lb'tros
albatrosses,,a°lb'trosiz,,albatross-es
albedo,,albë°dö
Albee,,á°lbë
albeit,,álbë°it
albergo,,olbe°rgö,
Alberich,,á°lb'rik
Albert,,a°lb'rt
Alberta,,albé°rt'
Alberti,,álbe°rtë
Albertist,,albé°rtist,,Albert-ist
albertite,,a°lb'rtït
Alberto,,albé°rtö
alberts,,a°lb'rts
albertype,,a°lb'rtïp
albescent,,albe°s'nt
Albi,,albë°
Albigenses,,albije°nsëz,
Albigensian,,albije°nsë'n,
albinal,,a°lb'n'l,
albinism,,a°lb'niz'm,
albino,,albï°nö
Albinus,,albï°n's,
Albion,,a°lbë'n,
albite,,a°lbït
albitic,,albi°tik,,albite-ic
Alboin,,a°lboin
album,,a°lb'm,
albumen,,albyü°m'n,
albumenise,,albyü°m'nïz
albumenize,,albyü°m'nïz
albumin,,albyü°m'n,
albuminate,,albyü°m'nät,,albumin-ate
albuminise,,,albumenize
albuminize,,,albumenize
albuminoid,,albyü°m'noid
albuminous,,albyü°m'n's,,albumin-ous
albuminuria,,albyüm'nú°rë'
albumose,,a°lby'mös,
albums,,a°lb'mz,,album-s
Albuquerque,,a°lb'kérkë
alburnum,,albé°rn'm,
alcade,,alkä°d
Alcaeus,,alsë°'s
alcahest,,a°lk'hest
Alcaic,,alkä°ik
alcaide,,alkï°dë
alcalde,,alka°ldë
Alcatraz,,a°lk'traz
alcayde,,alkï°dë
alcazar,,alka°z'r
Alceste,,alse°st
Alcestis,,alse°stis
alchemic,,alke°mik
alchemical,,alke°mik'l,,alchemic-al
alchemically,,alke°m'klë,,alchemical-ly
alchemise,,,alchemize
alchemist,,"a°lć'mist"
alchemistic,,alk'mi°stik,,alchemist-ic
alchemize,,a°lk'mïz
alchemy,,a°lk'më
alcheringa,,"alć'ri°ńg'"
Alcibiades,,als'bï°'dëz
alcid,,a°lsid
Alcides,,álsë°ðes
alcidine,,a°lsidïn
alcids,,a°lsidz,,alcid-s
Alcmene,,alkmë°në
Alcoa,,a°lkö'
alcohol,,a°lk'hol
alcoholic,,alk'ho°lik,,alcohol-ic
alcoholicity,,alk'holi°sitë,,alcoholic-ity
alcoholics,,alk'ho°liks,,alcoholic-s
alcoholise,,,alcoholize
alcoholism,,a°lk'hóliz'm,,alcohol-ism
alcoholize,,a°lk'holïz
alcoholometer,,alk'holo°mit'r
Alcoran,,alkörá°n
Alcott,,a°lkot
alcove,,a°lköv
alcoves,,a°lkövz,,alcove-s
Alcuin,,a°lkwin
alcyonarian,,alsë'nä°rë'n
Alcyone,,alsï°'në
Aldan,,áldá°n
Aldebaran,,alde°b'r'n
aldehyde,,a°ld'hïd
aldehydic,,aldihi°dik,,aldehyde-ic
Alden,,á°ld'n
alder,,á°ld'r
alderfly,,á°ld'rflï,,alder-fly
alderman,,a°ld'rm'n,,alder-man
aldermanic,,áld'rma°nik,,alderman-ic
aldermanry,,á°ld'rm'nrë,
aldermen,,ó°ld'rmin,
Alderney,,á°ld'rnë
Aldershot,,"á°ld'rśát"
aldicarb,,ó°ldikorb
Aldine,,á°ldïn
Aldo,,á°ldö
aldohexose,,aldöhe°ksös
aldol,,a°ldol
aldose,,a°ldös
aldosterone,,aldöstirö°n
Aldrin,,á°ldrin
ale,,ä°l
aleatoric,,älë'to°rëk
aleatory,,ä°lë'tórë,
Alec,,a°lik
alecost,,ä°lkost,
Alecto,,'le°ktö,
alectryomancy,,'le°ktrë'mansë
alee,,'lë°,
alegar,,a°l'g'r,
alehouse,,ä°lhaús,,ale-house
Aleichem,,'le°hem
Alejandro,,oläyo°ndrö
Aleksandropol,,áleksándro°pál
Aleksandrovsk,,áleksá°ndrofsk
Alemanni,,al'ma°nï
Alemannic,,al'ma°nik
alembic,,'le°mbik
alembicated,,'le°mbikätid,,alembic-ated
Alencon,,álánsö°n
aleph,,á°lif
Aleppo,,'le°pö
alerce,,'le°rs'
alerion,,'lë°rë'n,
alert,,'lé°rt
alerted,,'lé°rtid,,alert-ed
alerting,,"'lé°rtiń",,alert-ing
alertly,,'lé°rtlë,,alert-ly
alertness,,'lé°rtnes,,alert-ness
alerts,,'lé°rts,,alert-s
ales,,ále°s,,ale-s
Alessandria,,álessá°ndrëá
aleuromancy,,'lú°r'mansë
aleuron,,'lyú°'r'n,
aleurone,,a°ly'rön,
aleuronic,,alyúro°nik,,aleuron-ic
Aleut,,'lü°t
Aleutian,,"'lü°ś'n",,Aleut-ian
Aleutians,,"'lü°ś'nz",,Aleutian-s
alewife,,ä°lwïf,
alewives,,ä°lwïvz,
Alex,,a°l'ks
Alexander,,aligza°nd'r,
Alexanders,,aligza°nd'rz,,Alexander-s
Alexandra,,aligza°ndr'
Alexandretta,,aligzandre°t'
Alexandria,,al'gza°ndrë',
Alexandrian,,aligza°ndrë'n,,Alexandria-n
Alexandrine,,al'ka°ndrën,
Alexandrines,,al'gza°ndrënz,,Alexandrine-s
alexandrite,,aligza°ndrït
Alexei,,'le°ksä
alexia,,'le°ksë'
alexin,,'le°ksin,
alexine,,'le°ksïn
alexipharmic,,'leks'fá°rmik
Alexis,,'le°ksis,
alfa,,a°lf'
alfalfa,,alfa°lf'
Alfieri,,álfye°rë
alfilaria,,alfil'rë°'
Alfonso,,alfo°nsö
Alfonzo,,alfo°nzö
Alford,,a°lf'rd
alforja,,alfó°rj'
Alfred,,a°lfr'd
Alfreda,,alfrë°d'
Alfredo,,alfrä°dö
alfresco,,alfre°skö
alga,,a°lg'
algae,,a°ljë
algal,,a°lg'l
algarroba,,alg'rö°b'
algebra,,a°lj'br'
algebraic,,alj'brä°ik,,algebra-ic
algebraical,,aljibrä°ik'l,,algebraic-al
algebraically,,alj'brä°iklë,,algebraical-ly
algebraist,,a°lj'bräist,,algebra-ist
Algeciras,,aljisi°r's
Alger,,a°lj'r
Algeria,,aljë°rë'
Algerian,,aljë°rë'n,,Alger-ian
Algerians,,aljë°rë'nz,,Algerian-s
Algerine,,alj'rë°n
algesia,,aljë°zë'
algetic,,alje°tik
algicide,,a°ljisïd
algid,,a°ljid
Algiers,,alji°rz
algin,,a°ljin
alginate,,a°lj'nät,,algin-ate
algoid,,a°lgoid
Algol,,a°lgol
algolagnia,,alg'la°gnë'
algological,,alg'lo°jik'l
algology,,algá°l'jë
algometer,,algá°mit'r
algometric,,alg'me°trik
Algonkian,,"algá°ńkë'n"
Algonkin,,"algá°ńkin"
Algonquian,,"algo°ńkë'n"
Algonquin,,"algo°ńkwin"
algophobia,,alg'fö°bë'
algor,,a°lgór
algorism,,a°lg'riz'm,
algorithm,,a°lg'rið'm
algorithms,,a°lg'rið'mz,,algorithm-s
algum,,a°lg'm
Alhambra,,alha°mbr'
Alhambresque,,alhambre°sk
Ali,,á°lë
alias,,ä°lë's
aliases,,ä°lë'siz,,alias-es
alibi,,a°l'bï
alibis,,a°l'bïz,,alibi-s
alible,,a°l'b'l,
Alicante,,al'ka°ntë
Alice,,a°lis
Alicia,,"'li°ś'"
alicyclic,,alisï°klik
alidad,,a°lidad,
alidade,,a°lidäd
alien,,ä°lë'n,
alienable,,ä°ly'n'b'l,,alien-able
alienage,,ä°ly'nij,,alien-age
alienate,,ä°ly'nät,,alien-ate
alienated,,ä°lë'nät'd,,alienate-ed
alienates,,ä°lë'näts,,alienate-s
alienating,,"ä°lë'nätiń",,alienate-ing
alienation,,"älë'nä°ś'n",,alienate-ion
alienee,,äly'në°,,alien-ee
aliener,,ä°ly'n'r,,alien-er
alienism,,ä°ly'niz'm,,alien-ism
alienist,,ä°ly'nist,,alien-ist
alienor,,ä°ly'n'r,,alien-or
aliens,,ä°lë'nz,,alien-s
alif,,á°lif,
aliform,,a°l'fórm
Aligarh,,á°lëgur
alight,,'lï°t,
align,,'lï°n,
aligned,,'lï°nd,,align-ed
aligning,,"'lï°niń",,align-ing
alignment,,'lï°nm'nt,,align-ment
alignments,,'lï°nm'nts,,alignment-s
aligns,,'lï°nz,,align-s
alike,,'lï°k,
alikeness,,'lï°knes,,alike-ness
aliment,n,a°l'm'nt,
aliment,v,a°l'ment,
alimental,,alime°nt'l,,aliment-al
alimentary,,al'me°nt'rë,,aliment-ary
alimentation,,"al'mentä°ś'n",,aliment-ation
alimentative,,al'me°nt'tiv,,aliment-ative
alimony,,a°l'mönë,
Aline,,'lï°n
Alioth,,a°lëáþ
aliped,,a°l'ped,
aliphatic,,al'fa°tik
aliquant,,a°l'kw'nt
aliquot,,a°l'kw't
Alisa,,'lë°s'
Alisha,,"olë°ś'"
Alison,,a°lis'n,
Alissa,,'li°s'
alist,,'li°st,
Alistair,,a°lister,
aliunde,,älëu°ndë
alive,,'lï°v,
aliyah,,álë°o
aliyoth,,álëo°t
alizarin,,'li°z'rin
alizarine,,'li°z'rin
alkahest,,a°lk'hest
alkalescent,,alk'le°s'nt
alkali,,a°lk'lï
alkalies,,a°lk'lïz,,alkali-es
alkalify,,a°lk'l'fï
alkalimeter,,alk'li°miter,,alkali-meter
alkalimetric,,alk'l'me°trik,,alkali-metric
alkaline,,a°lk'lïn
alkalinise,,,alkalinize
alkalinity,,alk'li°nitë,,alkaline-ity
alkalinize,,a°lk'linïz
alkalise,,,alkalize
alkalize,,a°lk'lïz
alkaloid,,a°lk'loid
alkaloidal,,alk'loi°d'l,,alkaloid-al
alkaloids,,a°lk'loidz,,alkaloid-s
alkalosis,,alk'lö°sis
alkane,,a°lkän
alkanes,,a°lkänz,,alkane-s
alkanet,,a°lk'net
alkene,,a°lkën
alkenes,,a°lkënz,,alkene-s
alkine,,a°lkïn
Alkmaar,,á°lkmár
Alkoran,,alkörá°n
alkoxide,,alká°ksïd
alkyd,,a°lkid
alkyl,,a°lkil
alkylate,,a°lkilät,,alkyl-ate
alkylation,,"alk'lä°ś'n",,alkyl-ation
alkylic,,alki°lik,,alkyl-ic
alkyne,,a°lkïn
all,,á°l
Allah,,a°l'
Allahabad,,al'h'ba°d
Allan,,a°l'n
allanite,,a°l'nït
allantoic,,al'ntö°ik
allantoid,,'la°ntoid
allantoidal,,al'ntoi°d'l,,allantoid-al
allantois,,'la°ntöis
allargando,,álárgá°ndö
allative,,a°l'tiv,
allay,,'lä°,
allayed,,'lä°d,,allay-ed
allaying,,"'lä°iń",,allay-ing
allays,,'lä°z,,allay-s
allee,,'lë°,
allegation,,"al'gä°ś'n",,allege-ation
allegations,,"al'gä°ś'nz",,allegation-s
allege,,'le°j
alleged,,'le°jd,,allege-ed
allegedly,,'le°j'dlë,,alleged-ly
alleges,,'le°j'z,,allege-s
Alleghenies,,a°l'genëz,,Allegheny-es
Allegheny,,al'gä°në
allegiance,,'lë°j'ns
allegiances,,alë°jëansiz,,allegiance-s
allegiant,,'lë°j'nt
alleging,,"'le°jiń",,allege-ing
allegorical,,al'go°rik'l
allegorically,,al'go°rik'lë,,allegorical-ly
allegoricalness,,al'go°rik'lnes,,allegorical-ness
allegories,,a°l'górëz,,allegory-es
allegorise,,,allegorize
allegorist,,a°l'görist,
allegorize,,a°l'g'rïz
allegory,,a°l'górë,
Allegra,,ole°gr'
allegretto,,al'gre°tö,
allegro,,'le°grö
allel,,a°lel,
allele,,'le°lë
alleles,,'le°lëz,,allel-es
allelic,,'le°lik,,allel-ic
allelomorph,,'lë°l'mórf
alleluia,,al'lü°y'
allemande,,a°l'mand
Allen,,a°l'n
Allenby,,a°l'nbë,
Allende,,oye°ndä
Allentown,,a°l'ntaún,,Allen-town
allergen,,a°l'rjen,
allergenic,,al'rje°nik,,allergen-ic
allergenicity,,al'rj'ni°sitë,,allergenic-ity
allergens,,a°l'rj'nz,,allergen-s
allergic,,'lé°rjik,
allergies,,a°l'rjëz,,allergy-es
allergist,,a°l'rjist,
allergists,,a°l'rj'sts,,allergist-s
allergy,,a°l'rjë,
allethrin,,a°l'þrin
alleviate,,'lë°vëät
alleviated,,'lë°vëät'd,,alleviate-ed
alleviates,,'lë°vëäts,,alleviate-s
alleviating,,"'lë°vëätiń",,alleviate-ing
alleviation,,"'lëvëä°ś'n",,alleviate-ion
alleviative,,'lë°vëätiv,,alleviate-ive
alleviator,,'lë°vëät'r,,alleviate-or
alleviatory,,'lë°vë'törë,,alleviate-ory
alley,,a°lë,
alleys,,a°lëz,,alley-s
alleyway,,a°lëwä,,alley-way
alleyways,,a°lëwäz,,alleyway-s
allgood,,ó°lgúd,,all-good
Allhallowmas,,álha°löm's
Allhallows,,álha°löz
Allhallowtide,,álha°lötïd
allheal,,á°lhël,,all-heal
alliaceous,,"alëä°ś's",
alliance,,'lï°'ns
alliances,,'lï°'ns'z,,alliance-s
Allie,,a°lë
allied,,'lï°d,,ally-ed
Allier,,alyä°
allies,,a°lïz,,ally-es
alligate,,a°l'gät
alligator,,a°l'gät'r,
alligators,,a°l'gät'rz,,alligator-s
allis,,a°lis,
Allison,,a°lis'n
alliterate,,'li°t'rät,
alliteration,,"'li°t'räś'n",,alliterate-ion
alliterative,,'li°t'rätiv,,alliterate-ive
alliteratively,,'li°t'rätivlë,,alliterative-ly
alliterativeness,,'li°t'rätivnes,,alliterative-ness
allium,,a°lë'm
allness,,á°lnis,,all-ness
allocable,,a°l'k'b'l
allocate,,a°l'kät
allocated,,a°l'kätid,,allocate-ed
allocates,,a°l'käts,,allocate-s
allocating,,"a°l'kätiń",,allocate-ing
allocation,,"al'kä°ś'n",,allocate-ion
allocations,,"al'kä°ś'nz",,allocation-s
allocator,,a°l'kät'r,,allocate-or
allocators,,a°l'kät'rz,,allocator-s
allochthonous,,'lo°kþ'n's
allocution,,"al'kyü°ś'n"
allodial,,'lö°dë'l,
allodium,,'lö°dë'm,
allogamy,,'lo°g'më,
allogenic,,al'je°nik
allograph,,a°l'graf
allographs,,a°l'grafs,,allograph-s
allomerism,,'lo°m'riz'm,
allometry,,'lo°mitrë
allomorph,,a°l'mórf
allomorphic,,al'mó°rfik,,allomorph-ic
allomorphism,,al'mó°rfiz'm,,allomorph-ism
allomorphs,,a°l'mórfs,,allomorph-s
allonge,,alonźä°
allonges,,'lu°njiz,,allonge-s
allonym,,a°l'nim
allonymous,,'lo°n'm's,,allonym-ous
allopath,,a°l'paþ
allopathic,,al'pa°þik,,allopath-ic
allopathist,,'lo°p'þist,,allopath-ist
allopathy,,'lo°p'þë,,allopath-y
allopatric,,al'pa°trik
allophane,,a°l'fän
allophone,,a°l'fön,
allophones,,a°l'fönz,,allophone-s
allophonic,,al'fo°nik,,allophone-ic
alloplasm,,a°l'plaz'm
allopolyploid,,al'pá°l'ploid
allopolyploidy,,al'pá°l'ploidë,,allopolyploid-y
allosaur,,a°l'sor
allot,,'lo°t
allotment,,'lo°tm'nt,,allot-ment
allotments,,'lo°tm'nts,,allotment-s
allotriomorphic,,'lotrë'mó°rfik
allotrope,,a°l'tröp,
allotropes,,a°l'tröps,,allotrope-s
allotropic,,al'tro°pik,,allotrope-ic
allotropical,,al'tro°pik'l,,allotropic-al
allotropy,,'lo°tr'pë,,allotrope-y
allots,,'lo°ts,,allot-s
allotted,,'lo°tid,,allot-ed
allottee,,'lotë°,,allot-ee
allotting,,"'lo°tiń",,allot-ing
allotype,,a°l'tïp
allotypic,,al'ti°pik,,allotype-ic
allover,,á°löv'r,,all-over
allow,,'laú°,
allowable,,'laú°'b'l,,allow-able
allowableness,,'laú°'b'lnes,,allowable-ness
allowance,,'laú°'ns
allowances,,'laú°'nsiz,,allowance-s
Alloway,,a°löwä
allowed,,'laú°d,,allow-ed
allowedly,,'laú°dlë,,allowed-ly
allowing,,"'laú°iń",,allow-ing
allows,,'laú°z,,allow-s
alloy,n,a°loi,
alloy,v,'loi°,
alloys,,a°loiz,,alloy-s
alls,,ó°lz,,all-s
allseed,,á°lsëd,,all-seed
allspice,,á°lspïs,,all-spice
Allstate,,ó°lstät
allude,,'lü°d
alluded,,'lü°d'd,,allude-ed
alludes,,'lü°dz,,allude-s
alluding,,"'lü°diń",,allude-ing
allure,,'lú°r,
allured,,'lú°rd,,allure-ed
allurement,,'lú°rm'nt,,allure-ment
alluring,,"'lú°riń",,allure-ing
alluringly,,"'lú°rińlë",,alluring-ly
allusion,,'lü°ź'n,
allusions,,'lü°ź'nz,,allusion-s
allusive,,'lü°siv,
allusively,,'lü°sivlë,,allusive-ly
allusiveness,,'lü°sivnes,,allusive-ness
alluvial,,alü°vë'l
alluvion,,'lü°vë'n
alluvium,,alü°vë'm
ally,n,a°lï,
ally,v,'lï°,
allying,,"a°lïiń",,ally-ing
allyl,,a°lil
allylic,,'li°lik,,allyl-ic
Allyson,,a°lis'n
Alma,,a°lm'
Almagest,,a°lm'jest,
almah,,a°lm'
almanac,,á°lm'nak
almandine,,a°lm'ndën
almandite,,a°lm'ndït
almas,,a°lm'z
alme,,a°lme
almemar,,almë°már,
Almerian,,alm'rë°'n
almery,,á°m'rë,
almighty,,álmï°të
almirah,,almï°ra
Almohad,,a°lm'had
almond,,á°m'nd
almonds,,o°lm'ndz,,almond-s
almoner,,a°lm'n'r
almonry,,a°lm'nrë
Almoravid,,alm'rá°vid
almost,,á°lmöst
almous,,á°m's,
alms,,o°lmz,
almsgiver,,á°mzgiv'r,,alms-giver
almshouse,,á°mzhaús,,alms-house
almsman,,á°mzm'n,,alms-man
almswoman,,á°mzwúm'n,,alms-woman
almucantar,,a°lmyükant'r
almuce,,a°lmyüs
almug,,a°lm'g
Alnico,,a°lnikö
alod,,a°lod,
alodium,,'lö°dë'm
aloe,,a°lö
aloeswood,,a°lözwúd
aloetic,,alöe°tik,
aloft,,'ló°ft,
alogia,,'lö°j',
aloha,,'lö°ho,
aloin,,a°löin,
alone,,'lö°n,
aloneness,,'lö°nnes,,alone-ness
along,,"'ló°ń",
alongshore,,"'lo°ńśö°r",,along-shore
alongside,,"'ló°ńsï°d",,along-side
Alonzo,,'lo°nzö
aloof,,'lü°f,
aloofly,,'lü°flë,,aloof-ly
aloofness,,'lü°fnes,,aloof-ness
alopecia,,"al'pë°śë'"
alopecic,,al'pë°sik
Alost,,alo°st
aloud,,'laú°d,
alow,,'lö°,
alp,,a°lp
alpaca,,alpa°k'
alpargata,,alpárgá°t'
alpenglow,,a°lp'nglö
alpenhorn,,a°lp'nhórn
alpenstock,,a°lp'nstok,
Alpert,,a°lp'rt
alpestrine,,alpe°strin
alpha,,a°lf',
alphabet,,a°lf'bet,
alphabetic,,alf'be°tik,,alphabet-ic
alphabetical,,alf'be°tik'l,,alphabetic-al
alphabetically,,alf'be°tiklë,,alphabetical-ly
alphabetisation,,,alphabetization
alphabetise,,,alphabetize
alphabetised,,,alphabetized
alphabetises,,,alphabetizes
alphabetising,,,alphabetizing
alphabetization,,"alf'betizä°ś'n",,alphabetize-ation
alphabetize,,a°lf'b'tïz
alphabetized,,a°lf'b'tïzd,,alphabetize-ed
alphabetizes,,a°lf'b'tïziz,,alphabetize-s
alphabetizing,,"a°lf'b'tïziń",,alphabetize-ing
alphameric,,alf'me°rik,
alphanumeric,,alf'nüme°rik,,alpha-numeric
Alpheus,,alfë°'s
alphitomancy,,alfi°t'mansë
Alphonse,,alfo°nz
Alphonso,,alfo°nsö
Alphonsus,,alfá°ns's
alphorn,,a°lphórn,
alphosis,,alfö°sis,
alpine,,a°lpïn
Alpinism,,a°lp'niz'm
alpinist,,a°lpinist,,alpine-ist
Alpo,,a°lpö
Alps,,a°lps
already,,álre°dë
alright,,álrï°t
als,,a°lz,
Alsace,,alsa°s
Alsatia,,"alsä°ś'"
Alsatian,,"alsä°ś'n",,Alsatia-n
also,,á°lsö
Alsop,,a°lsop
Alston,,á°lst'n
alt,,o°lt
Alta,,a°lt'
Altai,,altï°
Altaic,,altä°ik,
Altair,,altá°ir,
Altamira,,oltomi°r'
altar,,á°lt'r,
altarage,,á°lt'rij,,altar-age
altarpiece,,á°lt'rpës,,altar-piece
altars,,ó°lt'rz,,altar-s
altazimuth,,alta°z'm'þ,
Altdorf,,á°ltdórf
Altdorfer,,á°ltdórf'r,,Altdorf-er
alter,,á°lt'r,
alterable,,á°lt'r'b'l,,alter-able
alterant,,á°lt'r'nt,,alter-ant
alteration,,"ált'rä°ś'n",,alter-ation
alterations,,"ólt'rä°ś'nz",,alteration-s
alterative,,á°lt'rätiv,,alter-ative
altercate,,á°lt'rkät,
altercation,,"ált'rkä°ś'n",,altercate-ion
altercations,,"olt'rkä°ś'nz",,altercation-s
altered,,ó°lt'rd,,alter-ed
altering,,"ó°lt'riń",,alter-ing
altern,,á°lt'rn,
alternant,,á°ltérn'nt,
alternate,aj,á°lt'rnit,
alternate,n,á°lt'rnit,
alternate,v,á°lt'rnät,
alternated,,ó°lt'rnät'd,,alternate-ed
alternately,,á°lt'rnitlë,,alternate-ly
alternates,,ó°lt'rnäts,,alternate-s
alternating,,"ó°lt'rnätiń",,alternate-ing
alternation,,"ált'rnä°ś'n",,alternate-ion
alternative,,álté°rn'tiv,
alternatively,,ólté°rn'tivlë,,alternative-ly
alternatives,,ólté°rn'tivz,,alternative-s
alternator,,á°lt'rnät'r,,alternate-or
alters,,ó°lt'rz,,alter-s
althaea,,,althea
Althea,,alþë°'
Althing,,"á°lþiń"
althorn,,a°lthórn,
although,,álðö°,
altigraph,,a°lt'graf
altimeter,,alti°m't'r
altimetrical,,alt'me°trik'l
altimetry,,alti°m'trë
Altiplano,,alt'plo°nö
altissimo,,alti°s'mö
altitude,,a°ltitüd
altitudes,,a°ltitüdz,,altitude-s
altitudinal,,altitü°d'n'l
Altman,,ó°ltm'n
alto,,a°ltö
altocumulus,,altökyü°my'l's,,alto-cumulus
altogether,,ált'ge°ð'r,
Alton,,á°lt'n
Altona,,á°ltöná
altos,,a°ltöz,,alto-s
altostratus,,altösträ°t's,,alto-stratus
altricial,,"altri°ś'l",
altruism,,a°ltrüiz'm
altruist,,a°ltrüist
altruistic,,altrüi°stik,,altruist-ic
ALU,,o°lü
aludel,,a°lyúdel
alula,,a°ly'l'
alum,,a°l'm,
alumina,,'lü°m'n',
aluminate,,lü°m'nät,
aluminic,,aly'mi°nik,
aluminiferous,,'lüm'ni°f'r's,,a-luminiferous
aluminise,,,aluminize
aluminised,,,aluminized
aluminium,,,aluminum
aluminize,,'lü°m'nïz
aluminized,,'lü°m'nïzd,,aluminize-ed
aluminosilicate,,'lüm'nösi°l'kät
aluminothermy,,'lü°m'nöþérmë
aluminous,,'lü°m'n's,
aluminum,,'lü°m'n'm,
alumna,,'lu°mn'
alumnae,,'lu°mnä,
alumni,,'lu°mnï
alumnus,,'lu°mn's,
alumroot,,a°l'mrüt,,alum-root
alums,,a°l'mz,,alum-s
Alundum,,'lu°nd'm
alunite,,a°ly'nït
alure,,a°ly'r,
Alva,,a°lv'
Alvarado,,álvárá°ðo
Alvarez,,a°lv'rez
Alvaro,,álvá°ro
alveated,,a°lvëätid
alveola,,alvë°'l'
alveolar,,alvë°'l'r
alveolarly,,alvë°'l'rlë,,alveolar-ly
alveolate,,alvë°'lit
alveoli,,alvë°'lï
alveolus,,alvë°'l's
Alvin,,a°lvin
alvine,,a°lvin
alway,,á°lwä
always,,á°lwäz,
Alyce,,a°lis
Alyson,,a°lis'n
Alyssa,,'li°s'
alyssum,,'li°s'm
Alzheimer,,a°lzhïm'r
am,,a°m
amabile,,omo°b'l
amadavat,,am'd'va°t
Amadeus,,am'dä°'s
Amado,,omo°dö
amadou,,a°m'dü,
Amagasaki,,á°mágásá°kë
amah,,á°m',
amain,,'mä°n,
Amalekite,,a°m'lekït
amalgam,,'ma°lg'm,
amalgamate,,'ma°lg'mät,,amalgam-ate
amalgamated,,'ma°lg'mätid,,amalgamate-ed
amalgamates,,'ma°lg'mäts,,amalgamate-s
amalgamating,,"'ma°lg'mätiń",,amalgamate-ing
amalgamation,,"'malg'mä°ś'n",,amalgamate-ion
amalgams,,'ma°lg'mz,,amalgam-s
Amalia,,'mä°ly'
Amanda,,'ma°nd'
amandine,,ám'ndë°n,
amanita,,am'nï°t',
amanuensis,,'manyüe°nsis
amaranth,,a°m'ranþ
amaranthaceous,,"am'ranþä°ś's",
amaranthine,,am'ra°nþin
amarelle,,a°m'rel
amaretto,,am're°tö
Amarillo,,am'ri°lö
amarna,,'má°rn'
amaryllidaceous,,"am'rilidä°ś's"
amaryllis,,am'ri°lis,
amaryllises,,am'ri°l's'z,,amaryllis-es
amass,,'ma°s,
amassed,,'ma°st,,amass-ed
amasses,,'ma°siz,,amass-es
amassing,,"'ma°siń",,amass-ing
amate,,'mä°t,
Amaterasu,,á°máterá°sú
amateur,,a°m'tér,
amateurish,,"am'ćú°riś",,amateur-ish
amateurishly,,"am'ćú°riślë",,amateurish-ly
amateurishness,,"am'ćú°riśnes",,amateurish-ness
amateurism,,"a°m'ćúriz'm",,amateur-ism
amateurs,,a°m'térz,,amateur-s
Amati,,ámá°të
amative,,a°m'tiv,
amatively,,a°m'tivlë,,amative-ly
amativeness,,a°m'tivnes,,amative-ness
amatol,,a°m'tol,
amatory,,a°m'törë,
amaurosis,,amorö°sis
amaurotic,,amoro°tik
amaze,,'mä°z,
amazed,,'mä°zd,,amaze-ed
amazedly,,'mä°zidlë,,amazed-ly
amazement,,'mä°zm'nt,,amaze-ment
amazes,,'mä°ziz,,amaze-s
amazing,,"'mä°ziń",,amaze-ing
amazingly,,"'mä°zińlë",,amazing-ly
Amazon,,a°m'zon
Amazonas,,am'zö°n's,
amazonian,,am'zö°në'n
amazonite,,a°m'z'nït
Amazons,,a°m'zonz,,Amazon-s
ambages,,ambä°jëz,
ambagious,,ambä°j's,
Ambala,,'mbá°l'
ambary,,ambá°rë,
ambassador,,amba°s'd'r,
ambassadorial,,ambas'dó°rë'l,,ambassador-ial
ambassadors,,amba°s'd'rz,,ambassador-s
ambassadorship,,"amba°s'd'rśip",,ambassador-ship
ambassadorships,,"amba°s'd'rśips",,ambassadorship-s
ambassadress,,amba°s'dr's
ambatch,,"a°mbać",
amber,,a°mb'r,
amberfish,,"a°mb'rfiś",,amber-fish
ambergris,,a°mb'rgris
amberina,,amb'rë°n'
amberjack,,a°mb'rjak,,amber-jack
amberoid,,a°mb'roid
ambers,,a°mb'rz,,amber-s
ambery,,a°mb'rë,,amber-y
ambiance,,a°mbë'ns
ambidexter,,ambide°kst'r
ambidexterity,,ambidekste°ritë,,ambidexter-ity
ambidextrous,,ambide°kstr's
ambidextrously,,ambide°kstr'slë,,ambidextrous-ly
ambidextrousness,,ambide°kstr'snes,,ambidextrous-ness
ambience,,,ambiance
ambient,,a°mbë'nt,
ambiguities,,amb'gyü°'tëz,,ambiguity-es
ambiguity,,ambigyü°'të
ambiguous,,ambi°gyü's,
ambiguously,,ambi°gyü'slë,,ambiguous-ly
ambiguousness,,ambi°gyü'snes,,ambiguous-ness
ambilateral,,amb'la°t'r'l,
ambisexual,,"ambise°kśü'l",
ambisonics,,ambisá°niks
ambit,,a°mbit,
ambitendency,,ambite°nd'nsë
ambition,,"ambi°ś'n",
ambitions,,"ambi°ś'nz",,ambition-s
ambitious,,"ambi°ś's",
ambitiously,,"ambi°ś'slë",,ambitious-ly
ambivalence,,ambi°v'l'ns,
ambivalent,,ambi°v'l'nt,
ambiversion,,amb'vé°rź'n
ambivert,,a°mb'vért
amble,,a°mb'l
ambled,,a°mb'ld,,amble-ed
ambler,,a°mbl'r,
ambles,,a°mb'lz,,amble-s
ambling,,"a°mbliń",,amble-ing
amblygonite,,ambli°g'nït
amblyopia,,amblëö°pë'
amblyopic,,amblëá°pik
amblyoscope,,a°mblë'sköp
ambo,,a°mbö
amboceptor,,a°mb'sept'r,
Amboina,,ambö°yn'
Amboinese,,amboinë°z
Amboise,,ánbwá°z
ambones,,ambö°nëz,
amboyna,,amboi°n'
ambroid,,a°mbroid,
Ambrose,,a°mbröz
ambrosia,,ambrö°ź'
ambrosial,,ambrö°ź'l,
ambrosially,,ambrö°ź'lë,,ambrosial-ly
Ambrosian,,ambrö°z'n,,Ambrose-ian
ambrotype,,a°mbr'tïp,
ambry,,a°mbrë
ambsace,,ä°mzäs
ambulacrum,,amby'la°kr'm
ambulance,,a°mby'l'ns
ambulances,,a°mby'l'ns'z,,ambulance-s
ambulant,,a°mby'l'nt,
ambulate,,a°mby'lät,
ambulator,,a°mby'lät'r,,ambulate-or
ambulatory,,a°mby'l'tórë,,ambulate-ory
ambuscade,,amb'skä°d
ambuscado,,amb'skä°dö
ambush,,"a°mbúś",
ambushed,,"a°mbúśt",,ambush-ed
ambushes,,"a°mbúśiz",,ambush-es
ambushing,,"a°mbúśiń",,ambush-ing
amebocyte,,'më°b'sït
ameerate,,'më°rit,
ameiosis,,ämïö°sis,,a-meiosis
Amelia,,'më°ly'
ameliorate,,'më°ly'rät,,a-meliorate
ameliorated,,'më°lë'rätid,,ameliorate-ed
amelioration,,"'mëly'rä°ś'n",,ameliorate-ion
ameliorative,,'më°ly'rätiv,,ameliorate-ive
ameloblast,,a°m'löblast,
amen,,äme°n,
amenable,,'më°n'b'l,
amenableness,,'më°n'b'lnes,,amenable-ness
amend,,'me°nd,
amendable,,'me°nd'b'l,,amend-able
amendatory,,'me°nd'törë,,amend-atory
amended,,'me°nd'd,,amend-ed
amending,,"'me°ndiń",,amend-ing
amendment,,'me°ndm'nt,,amend-ment
amendments,,'me°ndm'nts,,amendment-s
amends,,'me°ndz,,amend-s
Amenhotep,,ám'nhö°tep
amenities,,'me°nitëz,,amenity-es
amenity,,'me°nitë,
amenorrhea,,ämen'rë°'
amenorrhoea,,,amenorrhea
ament,,a°mint,
amenta,,'me°nt'
amentaceous,,"am'ntä°ś's",
amental,,äme°nt'l,
amentia,,"äme°nś'",
amentiferous,,am'nti°f'r's
Amer,,ä°m'r
amerce,,'mé°rs
America,,'me°rik'
American,,'me°rik'n,,America-n
Americana,,'merika°n'
Americanisation,,,Americanization
Americanise,,,Americanize
Americanised,,,Americanized
Americanism,,'me°rik'niz'm,,American-ism
Americanist,,'me°rik'nist,,American-ist
Americanization,,"'mer'k'n'zä°ś'n",,Americanize-ation
Americanize,,'me°rik'nïz
Americanized,,'me°rik'nïzd,,Americanize-ed
Americano,,'merika°nö,
Americans,,'me°rik'nz,,American-s
Americas,,'me°rik'z,,America-s
americium,,"am'ri°śë'm"
Amerind,,a°m'rind
Amerindian,,am'ri°ndë'n,
Amersfoort,,á°mersfért
amesace,,ä°mzäs
ametabolic,,ämet'bá°lik,,a-metabolic
ametabolous,,äm'ta°b'l's
amethyst,,a°miþist
amethystine,,amiþi°stin
ametropia,,amitrö°pë',
ametropic,,amitro°pik,
Amhara,,ámhá°r'
Amharic,,amha°rik
Amherst,,a°m'rst
ami,,amë°,
amiability,,ämë'bi°litë,
amiable,,ä°më'b'l,
amiableness,,ä°më'b'lnes,,amiable-ness
amiably,,ä°më'blë,,amiable-y
amianthus,,amëa°nþ's
amicability,,amik'bi°litë,
amicable,,a°mik'b'l,
amicableness,,a°m'k'b'lnes,,amicable-ness
amicably,,a°mik'blë,,amicable-y
amice,,a°mis,
amicus,,'më°k's,
amid,,'mi°d,
amidase,,a°midäs
amide,,a°mïd,
amidic,,'mi°dik,
amidin,,a°midin,
amidine,,a°midën,
amidogen,,'më°d'j'n,
amidol,,a°midöl,
amidships,,"'mi°dśips",,amid-ships
Amie,,a°më
Amiens,,ámyu°n,
amies,,amë°,
Amiga,,'më°g'
amigo,,'më°gö,
amigos,,'më°göz,,amigo-s
amimia,,ämi°më'
amin,,omë°n,
amine,,'më°n,
aminity,,'mi°nitë,
amino,,'më°nö,
aminophylline,,'mënöfi°lïn
aminoplast,,'më°n'plast,
aminopyrine,,'mën'pï°rën
amirate,,'më°rit,
Amis,,a°mis,
Amish,,"ä°miś",
amiss,,'mi°s,
